file_path,dog,video,split
/Users/kingsley/Downloads/data/raw/Bounce_The_Pit_Bull/video1/UCbta5UYAzeIOQAL7-A4s0WA+7_eMn2y463g+00013+00000.wav,Bounce_The_Pit_Bull,video1,train
/Users/kingsley/Downloads/data/raw/Bounce_The_Pit_Bull/video1/UCbta5UYAzeIOQAL7-A4s0WA+7_eMn2y463g+00016+00000.wav,Bounce_The_Pit_Bull,video1,train
/Users/kingsley/Downloads/data/raw/Bounce_The_Pit_Bull/video1/UCbta5UYAzeIOQAL7-A4s0WA+7_eMn2y463g+00016+00001.wav,Bounce_The_Pit_Bull,video1,train
/Users/kingsley/Downloads/data/raw/Bounce_The_Pit_Bull/video1/UCbta5UYAzeIOQAL7-A4s0WA+7_eMn2y463g+00019+00000.wav,Bounce_The_Pit_Bull,video1,train
/Users/kingsley/Downloads/data/raw/Bounce_The_Pit_Bull/video1/UCbta5UYAzeIOQAL7-A4s0WA+7_eMn2y463g+00019+00001.wav,Bounce_The_Pit_Bull,video1,train
/Users/kingsley/Downloads/data/raw/Bounce_The_Pit_Bull/video1/UCbta5UYAzeIOQAL7-A4s0WA+7_eMn2y463g+00019+00002.wav,Bounce_The_Pit_Bull,video1,train
/Users/kingsley/Downloads/data/raw/Bounce_The_Pit_Bull/video1/UCbta5UYAzeIOQAL7-A4s0WA+7_eMn2y463g+00019+00003.wav,Bounce_The_Pit_Bull,video1,train
/Users/kingsley/Downloads/data/raw/Bounce_The_Pit_Bull/video1/UCbta5UYAzeIOQAL7-A4s0WA+7_eMn2y463g+00020+00000.wav,Bounce_The_Pit_Bull,video1,train
/Users/kingsley/Downloads/data/raw/Bounce_The_Pit_Bull/video1/UCbta5UYAzeIOQAL7-A4s0WA+7_eMn2y463g+00034+00000.wav,Bounce_The_Pit_Bull,video1,train
/Users/kingsley/Downloads/data/raw/Bounce_The_Pit_Bull/video1/UCbta5UYAzeIOQAL7-A4s0WA+7_eMn2y463g+00034+00001.wav,Bounce_The_Pit_Bull,video1,train
/Users/kingsley/Downloads/data/raw/Bounce_The_Pit_Bull/video1/UCbta5UYAzeIOQAL7-A4s0WA+7_eMn2y463g+00034+00002.wav,Bounce_The_Pit_Bull,video1,train
/Users/kingsley/Downloads/data/raw/Bounce_The_Pit_Bull/video1/UCbta5UYAzeIOQAL7-A4s0WA+7_eMn2y463g+00041+00000.wav,Bounce_The_Pit_Bull,video1,train
/Users/kingsley/Downloads/data/raw/Bounce_The_Pit_Bull/video2/UCbta5UYAzeIOQAL7-A4s0WA+FH5Dd6JXhQk+00003+00000.wav,Bounce_The_Pit_Bull,video2,train
/Users/kingsley/Downloads/data/raw/Bounce_The_Pit_Bull/video2/UCbta5UYAzeIOQAL7-A4s0WA+FH5Dd6JXhQk+00009+00000.wav,Bounce_The_Pit_Bull,video2,train
/Users/kingsley/Downloads/data/raw/Bounce_The_Pit_Bull/video2/UCbta5UYAzeIOQAL7-A4s0WA+FH5Dd6JXhQk+00010+00000.wav,Bounce_The_Pit_Bull,video2,train
/Users/kingsley/Downloads/data/raw/Bounce_The_Pit_Bull/video2/UCbta5UYAzeIOQAL7-A4s0WA+FH5Dd6JXhQk+00011+00000.wav,Bounce_The_Pit_Bull,video2,train
/Users/kingsley/Downloads/data/raw/Bounce_The_Pit_Bull/video2/UCbta5UYAzeIOQAL7-A4s0WA+FH5Dd6JXhQk+00011+00001.wav,Bounce_The_Pit_Bull,video2,train
/Users/kingsley/Downloads/data/raw/Bounce_The_Pit_Bull/video2/UCbta5UYAzeIOQAL7-A4s0WA+FH5Dd6JXhQk+00012+00000.wav,Bounce_The_Pit_Bull,video2,train
/Users/kingsley/Downloads/data/raw/Bounce_The_Pit_Bull/video2/UCbta5UYAzeIOQAL7-A4s0WA+FH5Dd6JXhQk+00024+00000.wav,Bounce_The_Pit_Bull,video2,train
/Users/kingsley/Downloads/data/raw/Bounce_The_Pit_Bull/video3/UCbta5UYAzeIOQAL7-A4s0WA+aj0luqjlJ6I+00003+00000.wav,Bounce_The_Pit_Bull,video3,train
/Users/kingsley/Downloads/data/raw/Bounce_The_Pit_Bull/video3/UCbta5UYAzeIOQAL7-A4s0WA+aj0luqjlJ6I+00003+00001.wav,Bounce_The_Pit_Bull,video3,train
/Users/kingsley/Downloads/data/raw/Bounce_The_Pit_Bull/video4/UCbta5UYAzeIOQAL7-A4s0WA+8x5tsVcrmsM+00049+00000.wav,Bounce_The_Pit_Bull,video4,test
/Users/kingsley/Downloads/data/raw/Bounce_The_Pit_Bull/video4/UCbta5UYAzeIOQAL7-A4s0WA+8x5tsVcrmsM+00068+00000.wav,Bounce_The_Pit_Bull,video4,test
/Users/kingsley/Downloads/data/raw/Brindle_Pitbull_Bulletproof/video1/UC2BgCUp6zFMbnZrpwX0ZdEQ+FwKSp06O6UQ+00000+00000.wav,Brindle_Pitbull_Bulletproof,video1,train
/Users/kingsley/Downloads/data/raw/Brindle_Pitbull_Bulletproof/video1/UC2BgCUp6zFMbnZrpwX0ZdEQ+FwKSp06O6UQ+00000+00001.wav,Brindle_Pitbull_Bulletproof,video1,train
/Users/kingsley/Downloads/data/raw/Brindle_Pitbull_Bulletproof/video1/UC2BgCUp6zFMbnZrpwX0ZdEQ+FwKSp06O6UQ+00000+00002.wav,Brindle_Pitbull_Bulletproof,video1,train
/Users/kingsley/Downloads/data/raw/Brindle_Pitbull_Bulletproof/video2/UC2BgCUp6zFMbnZrpwX0ZdEQ+r1yhsDhmVBY+00000+00000.wav,Brindle_Pitbull_Bulletproof,video2,train
/Users/kingsley/Downloads/data/raw/Brindle_Pitbull_Bulletproof/video2/UC2BgCUp6zFMbnZrpwX0ZdEQ+r1yhsDhmVBY+00001+00000.wav,Brindle_Pitbull_Bulletproof,video2,train
/Users/kingsley/Downloads/data/raw/Brindle_Pitbull_Bulletproof/video2/UC2BgCUp6zFMbnZrpwX0ZdEQ+r1yhsDhmVBY+00001+00001.wav,Brindle_Pitbull_Bulletproof,video2,train
/Users/kingsley/Downloads/data/raw/Brindle_Pitbull_Bulletproof/video3/UC2BgCUp6zFMbnZrpwX0ZdEQ+x4OLPh0gr4E+00000+00000.wav,Brindle_Pitbull_Bulletproof,video3,train
/Users/kingsley/Downloads/data/raw/Brindle_Pitbull_Bulletproof/video3/UC2BgCUp6zFMbnZrpwX0ZdEQ+x4OLPh0gr4E+00003+00000.wav,Brindle_Pitbull_Bulletproof,video3,train
/Users/kingsley/Downloads/data/raw/Brindle_Pitbull_Bulletproof/video3/UC2BgCUp6zFMbnZrpwX0ZdEQ+x4OLPh0gr4E+00003+00001.wav,Brindle_Pitbull_Bulletproof,video3,train
/Users/kingsley/Downloads/data/raw/Brindle_Pitbull_Bulletproof/video3/UC2BgCUp6zFMbnZrpwX0ZdEQ+x4OLPh0gr4E+00003+00002.wav,Brindle_Pitbull_Bulletproof,video3,train
/Users/kingsley/Downloads/data/raw/Brindle_Pitbull_Bulletproof/video3/UC2BgCUp6zFMbnZrpwX0ZdEQ+x4OLPh0gr4E+00003+00003.wav,Brindle_Pitbull_Bulletproof,video3,train
/Users/kingsley/Downloads/data/raw/Brindle_Pitbull_Bulletproof/video3/UC2BgCUp6zFMbnZrpwX0ZdEQ+x4OLPh0gr4E+00003+00004.wav,Brindle_Pitbull_Bulletproof,video3,train
/Users/kingsley/Downloads/data/raw/Brindle_Pitbull_Bulletproof/video4/UC2BgCUp6zFMbnZrpwX0ZdEQ+N4bMH0dH3Is+00003+00000.wav,Brindle_Pitbull_Bulletproof,video4,test
/Users/kingsley/Downloads/data/raw/Brindle_Pitbull_Bulletproof/video4/UC2BgCUp6zFMbnZrpwX0ZdEQ+N4bMH0dH3Is+00004+00000.wav,Brindle_Pitbull_Bulletproof,video4,test
/Users/kingsley/Downloads/data/raw/Brindle_Pitbull_Bulletproof/video4/UC2BgCUp6zFMbnZrpwX0ZdEQ+N4bMH0dH3Is+00004+00001.wav,Brindle_Pitbull_Bulletproof,video4,test
/Users/kingsley/Downloads/data/raw/Brindle_Pitbull_Bulletproof/video4/UC2BgCUp6zFMbnZrpwX0ZdEQ+N4bMH0dH3Is+00004+00002.wav,Brindle_Pitbull_Bulletproof,video4,test
/Users/kingsley/Downloads/data/raw/Cheeky_Chis/video1/UCbpwr6AHOCIfoi17NCj37Gw+Q5YTRkqlJr4+00000+00000.wav,Cheeky_Chis,video1,train
/Users/kingsley/Downloads/data/raw/Cheeky_Chis/video1/UCbpwr6AHOCIfoi17NCj37Gw+Q5YTRkqlJr4+00001+00000.wav,Cheeky_Chis,video1,train
/Users/kingsley/Downloads/data/raw/Cheeky_Chis/video1/UCbpwr6AHOCIfoi17NCj37Gw+Q5YTRkqlJr4+00002+00000.wav,Cheeky_Chis,video1,train
/Users/kingsley/Downloads/data/raw/Cheeky_Chis/video1/UCbpwr6AHOCIfoi17NCj37Gw+Q5YTRkqlJr4+00002+00001.wav,Cheeky_Chis,video1,train
/Users/kingsley/Downloads/data/raw/Cheeky_Chis/video1/UCbpwr6AHOCIfoi17NCj37Gw+Q5YTRkqlJr4+00002+00002.wav,Cheeky_Chis,video1,train
/Users/kingsley/Downloads/data/raw/Cheeky_Chis/video2/UCbpwr6AHOCIfoi17NCj37Gw+PgrEBFaOjFY+00001+00000.wav,Cheeky_Chis,video2,train
/Users/kingsley/Downloads/data/raw/Cheeky_Chis/video2/UCbpwr6AHOCIfoi17NCj37Gw+PgrEBFaOjFY+00001+00001.wav,Cheeky_Chis,video2,train
/Users/kingsley/Downloads/data/raw/Cheeky_Chis/video2/UCbpwr6AHOCIfoi17NCj37Gw+PgrEBFaOjFY+00002+00000.wav,Cheeky_Chis,video2,train
/Users/kingsley/Downloads/data/raw/Cheeky_Chis/video2/UCbpwr6AHOCIfoi17NCj37Gw+PgrEBFaOjFY+00002+00001.wav,Cheeky_Chis,video2,train
/Users/kingsley/Downloads/data/raw/Cheeky_Chis/video2/UCbpwr6AHOCIfoi17NCj37Gw+PgrEBFaOjFY+00002+00002.wav,Cheeky_Chis,video2,train
/Users/kingsley/Downloads/data/raw/Cheeky_Chis/video2/UCbpwr6AHOCIfoi17NCj37Gw+PgrEBFaOjFY+00002+00003.wav,Cheeky_Chis,video2,train
/Users/kingsley/Downloads/data/raw/Cheeky_Chis/video2/UCbpwr6AHOCIfoi17NCj37Gw+PgrEBFaOjFY+00002+00004.wav,Cheeky_Chis,video2,train
/Users/kingsley/Downloads/data/raw/Cheeky_Chis/video2/UCbpwr6AHOCIfoi17NCj37Gw+PgrEBFaOjFY+00002+00005.wav,Cheeky_Chis,video2,train
/Users/kingsley/Downloads/data/raw/Cheeky_Chis/video2/UCbpwr6AHOCIfoi17NCj37Gw+PgrEBFaOjFY+00004+00000.wav,Cheeky_Chis,video2,train
/Users/kingsley/Downloads/data/raw/Cheeky_Chis/video2/UCbpwr6AHOCIfoi17NCj37Gw+PgrEBFaOjFY+00004+00001.wav,Cheeky_Chis,video2,train
/Users/kingsley/Downloads/data/raw/Cheeky_Chis/video2/UCbpwr6AHOCIfoi17NCj37Gw+PgrEBFaOjFY+00004+00002.wav,Cheeky_Chis,video2,train
/Users/kingsley/Downloads/data/raw/Cheeky_Chis/video2/UCbpwr6AHOCIfoi17NCj37Gw+PgrEBFaOjFY+00004+00003.wav,Cheeky_Chis,video2,train
/Users/kingsley/Downloads/data/raw/Cheeky_Chis/video2/UCbpwr6AHOCIfoi17NCj37Gw+PgrEBFaOjFY+00013+00000.wav,Cheeky_Chis,video2,train
/Users/kingsley/Downloads/data/raw/Cheeky_Chis/video2/UCbpwr6AHOCIfoi17NCj37Gw+PgrEBFaOjFY+00014+00000.wav,Cheeky_Chis,video2,train
/Users/kingsley/Downloads/data/raw/Cheeky_Chis/video3/UCbpwr6AHOCIfoi17NCj37Gw+7XpxZHKGLag+00000+00000.wav,Cheeky_Chis,video3,train
/Users/kingsley/Downloads/data/raw/Cheeky_Chis/video3/UCbpwr6AHOCIfoi17NCj37Gw+7XpxZHKGLag+00000+00001.wav,Cheeky_Chis,video3,train
/Users/kingsley/Downloads/data/raw/Cheeky_Chis/video3/UCbpwr6AHOCIfoi17NCj37Gw+7XpxZHKGLag+00000+00002.wav,Cheeky_Chis,video3,train
/Users/kingsley/Downloads/data/raw/Cheeky_Chis/video3/UCbpwr6AHOCIfoi17NCj37Gw+7XpxZHKGLag+00001+00000.wav,Cheeky_Chis,video3,train
/Users/kingsley/Downloads/data/raw/Cheeky_Chis/video3/UCbpwr6AHOCIfoi17NCj37Gw+7XpxZHKGLag+00002+00000.wav,Cheeky_Chis,video3,train
/Users/kingsley/Downloads/data/raw/Cheeky_Chis/video3/UCbpwr6AHOCIfoi17NCj37Gw+7XpxZHKGLag+00002+00001.wav,Cheeky_Chis,video3,train
/Users/kingsley/Downloads/data/raw/Cheeky_Chis/video3/UCbpwr6AHOCIfoi17NCj37Gw+7XpxZHKGLag+00003+00000.wav,Cheeky_Chis,video3,train
/Users/kingsley/Downloads/data/raw/Cheeky_Chis/video3/UCbpwr6AHOCIfoi17NCj37Gw+7XpxZHKGLag+00004+00000.wav,Cheeky_Chis,video3,train
/Users/kingsley/Downloads/data/raw/Cheeky_Chis/video3/UCbpwr6AHOCIfoi17NCj37Gw+7XpxZHKGLag+00004+00001.wav,Cheeky_Chis,video3,train
/Users/kingsley/Downloads/data/raw/Cheeky_Chis/video3/UCbpwr6AHOCIfoi17NCj37Gw+7XpxZHKGLag+00005+00000.wav,Cheeky_Chis,video3,train
/Users/kingsley/Downloads/data/raw/Cheeky_Chis/video3/UCbpwr6AHOCIfoi17NCj37Gw+7XpxZHKGLag+00005+00001.wav,Cheeky_Chis,video3,train
/Users/kingsley/Downloads/data/raw/Cheeky_Chis/video3/UCbpwr6AHOCIfoi17NCj37Gw+7XpxZHKGLag+00006+00000.wav,Cheeky_Chis,video3,train
/Users/kingsley/Downloads/data/raw/Cheeky_Chis/video3/UCbpwr6AHOCIfoi17NCj37Gw+7XpxZHKGLag+00007+00000.wav,Cheeky_Chis,video3,train
/Users/kingsley/Downloads/data/raw/Cheeky_Chis/video4/UCbpwr6AHOCIfoi17NCj37Gw+uBn3CqxfVl0+00000+00000.wav,Cheeky_Chis,video4,test
/Users/kingsley/Downloads/data/raw/Cheeky_Chis/video4/UCbpwr6AHOCIfoi17NCj37Gw+uBn3CqxfVl0+00002+00000.wav,Cheeky_Chis,video4,test
/Users/kingsley/Downloads/data/raw/Cheeky_Chis/video4/UCbpwr6AHOCIfoi17NCj37Gw+uBn3CqxfVl0+00002+00001.wav,Cheeky_Chis,video4,test
/Users/kingsley/Downloads/data/raw/Cheeky_Chis/video4/UCbpwr6AHOCIfoi17NCj37Gw+uBn3CqxfVl0+00002+00002.wav,Cheeky_Chis,video4,test
/Users/kingsley/Downloads/data/raw/Cheeky_Chis/video4/UCbpwr6AHOCIfoi17NCj37Gw+uBn3CqxfVl0+00003+00000.wav,Cheeky_Chis,video4,test
/Users/kingsley/Downloads/data/raw/Cheeky_Chis/video4/UCbpwr6AHOCIfoi17NCj37Gw+uBn3CqxfVl0+00003+00001.wav,Cheeky_Chis,video4,test
/Users/kingsley/Downloads/data/raw/Cheeky_Chis/video4/UCbpwr6AHOCIfoi17NCj37Gw+uBn3CqxfVl0+00003+00002.wav,Cheeky_Chis,video4,test
/Users/kingsley/Downloads/data/raw/Cheeky_Chis/video4/UCbpwr6AHOCIfoi17NCj37Gw+uBn3CqxfVl0+00004+00000.wav,Cheeky_Chis,video4,test
/Users/kingsley/Downloads/data/raw/Cheeky_Chis/video4/UCbpwr6AHOCIfoi17NCj37Gw+uBn3CqxfVl0+00004+00001.wav,Cheeky_Chis,video4,test
/Users/kingsley/Downloads/data/raw/Cheeky_Chis/video4/UCbpwr6AHOCIfoi17NCj37Gw+uBn3CqxfVl0+00004+00002.wav,Cheeky_Chis,video4,test
/Users/kingsley/Downloads/data/raw/Cheeky_Chis/video4/UCbpwr6AHOCIfoi17NCj37Gw+uBn3CqxfVl0+00005+00000.wav,Cheeky_Chis,video4,test
/Users/kingsley/Downloads/data/raw/Cheeky_Chis/video4/UCbpwr6AHOCIfoi17NCj37Gw+uBn3CqxfVl0+00005+00001.wav,Cheeky_Chis,video4,test
/Users/kingsley/Downloads/data/raw/Chihuahua_s_name_is_Mugi/video1/UC4NeXbS4m565T0YPAMSHIFw+xHAh4V-YYhQ+00000+00000.wav,Chihuahua_s_name_is_Mugi,video1,train
/Users/kingsley/Downloads/data/raw/Chihuahua_s_name_is_Mugi/video1/UC4NeXbS4m565T0YPAMSHIFw+xHAh4V-YYhQ+00000+00001.wav,Chihuahua_s_name_is_Mugi,video1,train
/Users/kingsley/Downloads/data/raw/Chihuahua_s_name_is_Mugi/video1/UC4NeXbS4m565T0YPAMSHIFw+xHAh4V-YYhQ+00000+00002.wav,Chihuahua_s_name_is_Mugi,video1,train
/Users/kingsley/Downloads/data/raw/Chihuahua_s_name_is_Mugi/video1/UC4NeXbS4m565T0YPAMSHIFw+xHAh4V-YYhQ+00001+00000.wav,Chihuahua_s_name_is_Mugi,video1,train
/Users/kingsley/Downloads/data/raw/Chihuahua_s_name_is_Mugi/video1/UC4NeXbS4m565T0YPAMSHIFw+xHAh4V-YYhQ+00001+00001.wav,Chihuahua_s_name_is_Mugi,video1,train
/Users/kingsley/Downloads/data/raw/Chihuahua_s_name_is_Mugi/video1/UC4NeXbS4m565T0YPAMSHIFw+xHAh4V-YYhQ+00001+00002.wav,Chihuahua_s_name_is_Mugi,video1,train
/Users/kingsley/Downloads/data/raw/Chihuahua_s_name_is_Mugi/video2/UC4NeXbS4m565T0YPAMSHIFw+dmKjMyzcNLA+00000+00000.wav,Chihuahua_s_name_is_Mugi,video2,train
/Users/kingsley/Downloads/data/raw/Chihuahua_s_name_is_Mugi/video2/UC4NeXbS4m565T0YPAMSHIFw+dmKjMyzcNLA+00000+00001.wav,Chihuahua_s_name_is_Mugi,video2,train
/Users/kingsley/Downloads/data/raw/Chihuahua_s_name_is_Mugi/video2/UC4NeXbS4m565T0YPAMSHIFw+dmKjMyzcNLA+00001+00000.wav,Chihuahua_s_name_is_Mugi,video2,train
/Users/kingsley/Downloads/data/raw/Chihuahua_s_name_is_Mugi/video2/UC4NeXbS4m565T0YPAMSHIFw+dmKjMyzcNLA+00003+00000.wav,Chihuahua_s_name_is_Mugi,video2,train
/Users/kingsley/Downloads/data/raw/Chihuahua_s_name_is_Mugi/video2/UC4NeXbS4m565T0YPAMSHIFw+dmKjMyzcNLA+00003+00001.wav,Chihuahua_s_name_is_Mugi,video2,train
/Users/kingsley/Downloads/data/raw/Chihuahua_s_name_is_Mugi/video3/UC4NeXbS4m565T0YPAMSHIFw+uHf4FZW_2p4+00000+00000.wav,Chihuahua_s_name_is_Mugi,video3,train
/Users/kingsley/Downloads/data/raw/Chihuahua_s_name_is_Mugi/video3/UC4NeXbS4m565T0YPAMSHIFw+uHf4FZW_2p4+00001+00000.wav,Chihuahua_s_name_is_Mugi,video3,train
/Users/kingsley/Downloads/data/raw/Chihuahua_s_name_is_Mugi/video3/UC4NeXbS4m565T0YPAMSHIFw+uHf4FZW_2p4+00001+00001.wav,Chihuahua_s_name_is_Mugi,video3,train
/Users/kingsley/Downloads/data/raw/Chihuahua_s_name_is_Mugi/video3/UC4NeXbS4m565T0YPAMSHIFw+uHf4FZW_2p4+00001+00002.wav,Chihuahua_s_name_is_Mugi,video3,train
/Users/kingsley/Downloads/data/raw/Chihuahua_s_name_is_Mugi/video3/UC4NeXbS4m565T0YPAMSHIFw+uHf4FZW_2p4+00002+00000.wav,Chihuahua_s_name_is_Mugi,video3,train
/Users/kingsley/Downloads/data/raw/Chihuahua_s_name_is_Mugi/video3/UC4NeXbS4m565T0YPAMSHIFw+uHf4FZW_2p4+00002+00001.wav,Chihuahua_s_name_is_Mugi,video3,train
/Users/kingsley/Downloads/data/raw/Chihuahua_s_name_is_Mugi/video4/UC4NeXbS4m565T0YPAMSHIFw+pUSDDEoHmRE+00000+00000.wav,Chihuahua_s_name_is_Mugi,video4,test
/Users/kingsley/Downloads/data/raw/Chihuahua_s_name_is_Mugi/video4/UC4NeXbS4m565T0YPAMSHIFw+pUSDDEoHmRE+00001+00000.wav,Chihuahua_s_name_is_Mugi,video4,test
/Users/kingsley/Downloads/data/raw/Chihuahua_s_name_is_Mugi/video4/UC4NeXbS4m565T0YPAMSHIFw+pUSDDEoHmRE+00001+00001.wav,Chihuahua_s_name_is_Mugi,video4,test
/Users/kingsley/Downloads/data/raw/Chihuahua_s_name_is_Mugi/video4/UC4NeXbS4m565T0YPAMSHIFw+pUSDDEoHmRE+00001+00002.wav,Chihuahua_s_name_is_Mugi,video4,test
/Users/kingsley/Downloads/data/raw/Chihuahua_s_name_is_Mugi/video4/UC4NeXbS4m565T0YPAMSHIFw+pUSDDEoHmRE+00001+00003.wav,Chihuahua_s_name_is_Mugi,video4,test
/Users/kingsley/Downloads/data/raw/Chihuahua_s_name_is_Mugi/video4/UC4NeXbS4m565T0YPAMSHIFw+pUSDDEoHmRE+00001+00004.wav,Chihuahua_s_name_is_Mugi,video4,test
/Users/kingsley/Downloads/data/raw/Chihuahua_s_name_is_Mugi/video4/UC4NeXbS4m565T0YPAMSHIFw+pUSDDEoHmRE+00001+00005.wav,Chihuahua_s_name_is_Mugi,video4,test
/Users/kingsley/Downloads/data/raw/Chihuahua_s_name_is_Mugi/video4/UC4NeXbS4m565T0YPAMSHIFw+pUSDDEoHmRE+00002+00000.wav,Chihuahua_s_name_is_Mugi,video4,test
/Users/kingsley/Downloads/data/raw/Codythebluenose/video1/7349941730646510894-00000_00000.wav,Codythebluenose,video1,train
/Users/kingsley/Downloads/data/raw/Codythebluenose/video1/7349941730646510894-00000_00001.wav,Codythebluenose,video1,train
/Users/kingsley/Downloads/data/raw/Codythebluenose/video1/7349941730646510894-00000_00002.wav,Codythebluenose,video1,train
/Users/kingsley/Downloads/data/raw/Codythebluenose/video1/7349941730646510894-00000_00003.wav,Codythebluenose,video1,train
/Users/kingsley/Downloads/data/raw/Codythebluenose/video1/7349941730646510894-00001_00000.wav,Codythebluenose,video1,train
/Users/kingsley/Downloads/data/raw/Codythebluenose/video1/7349941730646510894-00001_00001.wav,Codythebluenose,video1,train
/Users/kingsley/Downloads/data/raw/Codythebluenose/video1/7349941730646510894-00001_00002.wav,Codythebluenose,video1,train
/Users/kingsley/Downloads/data/raw/Codythebluenose/video1/7349941730646510894-00001_00003.wav,Codythebluenose,video1,train
/Users/kingsley/Downloads/data/raw/Codythebluenose/video1/7349941730646510894-00001_00004.wav,Codythebluenose,video1,train
/Users/kingsley/Downloads/data/raw/Codythebluenose/video1/7349941730646510894-00001_00005.wav,Codythebluenose,video1,train
/Users/kingsley/Downloads/data/raw/Codythebluenose/video1/7349941730646510894-00001_00006.wav,Codythebluenose,video1,train
/Users/kingsley/Downloads/data/raw/Codythebluenose/video1/7349941730646510894-00001_00007.wav,Codythebluenose,video1,train
/Users/kingsley/Downloads/data/raw/Codythebluenose/video1/7349941730646510894-00001_00008.wav,Codythebluenose,video1,train
/Users/kingsley/Downloads/data/raw/Codythebluenose/video1/7349941730646510894-00001_00009.wav,Codythebluenose,video1,train
/Users/kingsley/Downloads/data/raw/Codythebluenose/video2/6880654404362439941-00000_00000.wav,Codythebluenose,video2,train
/Users/kingsley/Downloads/data/raw/Codythebluenose/video2/6880654404362439941-00001_00000.wav,Codythebluenose,video2,train
/Users/kingsley/Downloads/data/raw/Codythebluenose/video2/6880654404362439941-00002_00000.wav,Codythebluenose,video2,train
/Users/kingsley/Downloads/data/raw/Codythebluenose/video2/6880654404362439941-00002_00001.wav,Codythebluenose,video2,train
/Users/kingsley/Downloads/data/raw/Codythebluenose/video2/6880654404362439941-00002_00002.wav,Codythebluenose,video2,train
/Users/kingsley/Downloads/data/raw/Codythebluenose/video2/6880654404362439941-00002_00003.wav,Codythebluenose,video2,train
/Users/kingsley/Downloads/data/raw/Codythebluenose/video3/6992727765032176902-00000_00000.wav,Codythebluenose,video3,train
/Users/kingsley/Downloads/data/raw/Codythebluenose/video3/6992727765032176902-00000_00001.wav,Codythebluenose,video3,train
/Users/kingsley/Downloads/data/raw/Codythebluenose/video3/6992727765032176902-00000_00002.wav,Codythebluenose,video3,train
/Users/kingsley/Downloads/data/raw/Codythebluenose/video3/6992727765032176902-00001_00000.wav,Codythebluenose,video3,train
/Users/kingsley/Downloads/data/raw/Codythebluenose/video3/6992727765032176902-00001_00001.wav,Codythebluenose,video3,train
/Users/kingsley/Downloads/data/raw/Codythebluenose/video3/6992727765032176902-00002_00000.wav,Codythebluenose,video3,train
/Users/kingsley/Downloads/data/raw/Codythebluenose/video3/6992727765032176902-00002_00001.wav,Codythebluenose,video3,train
/Users/kingsley/Downloads/data/raw/Codythebluenose/video4/6990502810500533510-00000_00000.wav,Codythebluenose,video4,test
/Users/kingsley/Downloads/data/raw/Codythebluenose/video4/6990502810500533510-00001_00000.wav,Codythebluenose,video4,test
/Users/kingsley/Downloads/data/raw/Codythebluenose/video4/6990502810500533510-00001_00001.wav,Codythebluenose,video4,test
/Users/kingsley/Downloads/data/raw/Codythebluenose/video4/6990502810500533510-00002_00000.wav,Codythebluenose,video4,test
/Users/kingsley/Downloads/data/raw/Codythebluenose/video4/6990502810500533510-00002_00001.wav,Codythebluenose,video4,test
/Users/kingsley/Downloads/data/raw/Emmythelab/video1/UCzD9RAbtDouz5k6HKz1SVsg+O_u5QHz7xfM+00002+00000.wav,Emmythelab,video1,train
/Users/kingsley/Downloads/data/raw/Emmythelab/video1/UCzD9RAbtDouz5k6HKz1SVsg+O_u5QHz7xfM+00004+00000.wav,Emmythelab,video1,train
/Users/kingsley/Downloads/data/raw/Fanny_chihuahua_TV/video1/UCTCf-0LoGhmIPi8DutoqOvA+O1bIs5rYXEA+00000+00000.wav,Fanny_chihuahua_TV,video1,train
/Users/kingsley/Downloads/data/raw/Fanny_chihuahua_TV/video1/UCTCf-0LoGhmIPi8DutoqOvA+O1bIs5rYXEA+00001+00000.wav,Fanny_chihuahua_TV,video1,train
/Users/kingsley/Downloads/data/raw/Fanny_chihuahua_TV/video1/UCTCf-0LoGhmIPi8DutoqOvA+O1bIs5rYXEA+00003+00000.wav,Fanny_chihuahua_TV,video1,train
/Users/kingsley/Downloads/data/raw/Fanny_chihuahua_TV/video1/UCTCf-0LoGhmIPi8DutoqOvA+O1bIs5rYXEA+00004+00000.wav,Fanny_chihuahua_TV,video1,train
/Users/kingsley/Downloads/data/raw/Fanny_chihuahua_TV/video1/UCTCf-0LoGhmIPi8DutoqOvA+O1bIs5rYXEA+00005+00000.wav,Fanny_chihuahua_TV,video1,train
/Users/kingsley/Downloads/data/raw/Fanny_chihuahua_TV/video1/UCTCf-0LoGhmIPi8DutoqOvA+O1bIs5rYXEA+00005+00001.wav,Fanny_chihuahua_TV,video1,train
/Users/kingsley/Downloads/data/raw/Fanny_chihuahua_TV/video1/UCTCf-0LoGhmIPi8DutoqOvA+O1bIs5rYXEA+00006+00000.wav,Fanny_chihuahua_TV,video1,train
/Users/kingsley/Downloads/data/raw/Fanny_chihuahua_TV/video1/UCTCf-0LoGhmIPi8DutoqOvA+O1bIs5rYXEA+00006+00001.wav,Fanny_chihuahua_TV,video1,train
/Users/kingsley/Downloads/data/raw/Fanny_chihuahua_TV/video1/UCTCf-0LoGhmIPi8DutoqOvA+O1bIs5rYXEA+00007+00000.wav,Fanny_chihuahua_TV,video1,train
/Users/kingsley/Downloads/data/raw/Fanny_chihuahua_TV/video1/UCTCf-0LoGhmIPi8DutoqOvA+O1bIs5rYXEA+00008+00000.wav,Fanny_chihuahua_TV,video1,train
/Users/kingsley/Downloads/data/raw/Fanny_chihuahua_TV/video1/UCTCf-0LoGhmIPi8DutoqOvA+O1bIs5rYXEA+00008+00001.wav,Fanny_chihuahua_TV,video1,train
/Users/kingsley/Downloads/data/raw/Fanny_chihuahua_TV/video1/UCTCf-0LoGhmIPi8DutoqOvA+O1bIs5rYXEA+00008+00002.wav,Fanny_chihuahua_TV,video1,train
/Users/kingsley/Downloads/data/raw/Fanny_chihuahua_TV/video1/UCTCf-0LoGhmIPi8DutoqOvA+O1bIs5rYXEA+00008+00003.wav,Fanny_chihuahua_TV,video1,train
/Users/kingsley/Downloads/data/raw/Fanny_chihuahua_TV/video2/UCTCf-0LoGhmIPi8DutoqOvA+zJ2MkxgEQf8+00000+00000.wav,Fanny_chihuahua_TV,video2,train
/Users/kingsley/Downloads/data/raw/Fanny_chihuahua_TV/video2/UCTCf-0LoGhmIPi8DutoqOvA+zJ2MkxgEQf8+00000+00001.wav,Fanny_chihuahua_TV,video2,train
/Users/kingsley/Downloads/data/raw/Fanny_chihuahua_TV/video2/UCTCf-0LoGhmIPi8DutoqOvA+zJ2MkxgEQf8+00001+00000.wav,Fanny_chihuahua_TV,video2,train
/Users/kingsley/Downloads/data/raw/Fanny_chihuahua_TV/video2/UCTCf-0LoGhmIPi8DutoqOvA+zJ2MkxgEQf8+00001+00001.wav,Fanny_chihuahua_TV,video2,train
/Users/kingsley/Downloads/data/raw/Fanny_chihuahua_TV/video2/UCTCf-0LoGhmIPi8DutoqOvA+zJ2MkxgEQf8+00002+00000.wav,Fanny_chihuahua_TV,video2,train
/Users/kingsley/Downloads/data/raw/Fanny_chihuahua_TV/video2/UCTCf-0LoGhmIPi8DutoqOvA+zJ2MkxgEQf8+00003+00000.wav,Fanny_chihuahua_TV,video2,train
/Users/kingsley/Downloads/data/raw/Fanny_chihuahua_TV/video2/UCTCf-0LoGhmIPi8DutoqOvA+zJ2MkxgEQf8+00004+00000.wav,Fanny_chihuahua_TV,video2,train
/Users/kingsley/Downloads/data/raw/Fanny_chihuahua_TV/video2/UCTCf-0LoGhmIPi8DutoqOvA+zJ2MkxgEQf8+00004+00001.wav,Fanny_chihuahua_TV,video2,train
/Users/kingsley/Downloads/data/raw/Fanny_chihuahua_TV/video2/UCTCf-0LoGhmIPi8DutoqOvA+zJ2MkxgEQf8+00004+00002.wav,Fanny_chihuahua_TV,video2,train
/Users/kingsley/Downloads/data/raw/Fanny_chihuahua_TV/video3/UCTCf-0LoGhmIPi8DutoqOvA+0DDMCiveA3M+00000+00000.wav,Fanny_chihuahua_TV,video3,train
/Users/kingsley/Downloads/data/raw/Fanny_chihuahua_TV/video3/UCTCf-0LoGhmIPi8DutoqOvA+0DDMCiveA3M+00001+00000.wav,Fanny_chihuahua_TV,video3,train
/Users/kingsley/Downloads/data/raw/Fanny_chihuahua_TV/video3/UCTCf-0LoGhmIPi8DutoqOvA+0DDMCiveA3M+00001+00001.wav,Fanny_chihuahua_TV,video3,train
/Users/kingsley/Downloads/data/raw/Fanny_chihuahua_TV/video3/UCTCf-0LoGhmIPi8DutoqOvA+0DDMCiveA3M+00002+00000.wav,Fanny_chihuahua_TV,video3,train
/Users/kingsley/Downloads/data/raw/Fanny_chihuahua_TV/video3/UCTCf-0LoGhmIPi8DutoqOvA+0DDMCiveA3M+00002+00001.wav,Fanny_chihuahua_TV,video3,train
/Users/kingsley/Downloads/data/raw/Fanny_chihuahua_TV/video3/UCTCf-0LoGhmIPi8DutoqOvA+0DDMCiveA3M+00003+00000.wav,Fanny_chihuahua_TV,video3,train
/Users/kingsley/Downloads/data/raw/Fanny_chihuahua_TV/video3/UCTCf-0LoGhmIPi8DutoqOvA+0DDMCiveA3M+00004+00000.wav,Fanny_chihuahua_TV,video3,train
/Users/kingsley/Downloads/data/raw/Fanny_chihuahua_TV/video3/UCTCf-0LoGhmIPi8DutoqOvA+0DDMCiveA3M+00005+00000.wav,Fanny_chihuahua_TV,video3,train
/Users/kingsley/Downloads/data/raw/Fanny_chihuahua_TV/video3/UCTCf-0LoGhmIPi8DutoqOvA+0DDMCiveA3M+00005+00001.wav,Fanny_chihuahua_TV,video3,train
/Users/kingsley/Downloads/data/raw/Fanny_chihuahua_TV/video4/UCTCf-0LoGhmIPi8DutoqOvA+jjrm6n8yQLs+00000+00000.wav,Fanny_chihuahua_TV,video4,test
/Users/kingsley/Downloads/data/raw/Fanny_chihuahua_TV/video4/UCTCf-0LoGhmIPi8DutoqOvA+jjrm6n8yQLs+00000+00001.wav,Fanny_chihuahua_TV,video4,test
/Users/kingsley/Downloads/data/raw/Fanny_chihuahua_TV/video4/UCTCf-0LoGhmIPi8DutoqOvA+jjrm6n8yQLs+00001+00000.wav,Fanny_chihuahua_TV,video4,test
/Users/kingsley/Downloads/data/raw/Fanny_chihuahua_TV/video4/UCTCf-0LoGhmIPi8DutoqOvA+jjrm6n8yQLs+00002+00000.wav,Fanny_chihuahua_TV,video4,test
/Users/kingsley/Downloads/data/raw/Fanny_chihuahua_TV/video4/UCTCf-0LoGhmIPi8DutoqOvA+jjrm6n8yQLs+00003+00000.wav,Fanny_chihuahua_TV,video4,test
/Users/kingsley/Downloads/data/raw/Fanny_chihuahua_TV/video4/UCTCf-0LoGhmIPi8DutoqOvA+jjrm6n8yQLs+00004+00000.wav,Fanny_chihuahua_TV,video4,test
/Users/kingsley/Downloads/data/raw/Fanny_chihuahua_TV/video4/UCTCf-0LoGhmIPi8DutoqOvA+jjrm6n8yQLs+00005+00000.wav,Fanny_chihuahua_TV,video4,test
/Users/kingsley/Downloads/data/raw/Hewie_Pitbull_Channel/video1/UC_Aswv9nASkcjXoXKPVkPiQ+d-TlFZPG7r0+00000+00000.wav,Hewie_Pitbull_Channel,video1,train
/Users/kingsley/Downloads/data/raw/Hewie_Pitbull_Channel/video1/UC_Aswv9nASkcjXoXKPVkPiQ+d-TlFZPG7r0+00001+00000.wav,Hewie_Pitbull_Channel,video1,train
/Users/kingsley/Downloads/data/raw/Hewie_Pitbull_Channel/video1/UC_Aswv9nASkcjXoXKPVkPiQ+d-TlFZPG7r0+00001+00001.wav,Hewie_Pitbull_Channel,video1,train
/Users/kingsley/Downloads/data/raw/Hewie_Pitbull_Channel/video1/UC_Aswv9nASkcjXoXKPVkPiQ+d-TlFZPG7r0+00001+00002.wav,Hewie_Pitbull_Channel,video1,train
/Users/kingsley/Downloads/data/raw/Hewie_Pitbull_Channel/video1/UC_Aswv9nASkcjXoXKPVkPiQ+d-TlFZPG7r0+00002+00000.wav,Hewie_Pitbull_Channel,video1,train
/Users/kingsley/Downloads/data/raw/Hewie_Pitbull_Channel/video1/UC_Aswv9nASkcjXoXKPVkPiQ+d-TlFZPG7r0+00002+00001.wav,Hewie_Pitbull_Channel,video1,train
/Users/kingsley/Downloads/data/raw/Hewie_Pitbull_Channel/video1/UC_Aswv9nASkcjXoXKPVkPiQ+d-TlFZPG7r0+00002+00002.wav,Hewie_Pitbull_Channel,video1,train
/Users/kingsley/Downloads/data/raw/Hewie_Pitbull_Channel/video1/UC_Aswv9nASkcjXoXKPVkPiQ+d-TlFZPG7r0+00002+00003.wav,Hewie_Pitbull_Channel,video1,train
/Users/kingsley/Downloads/data/raw/Hewie_Pitbull_Channel/video1/UC_Aswv9nASkcjXoXKPVkPiQ+d-TlFZPG7r0+00002+00004.wav,Hewie_Pitbull_Channel,video1,train
/Users/kingsley/Downloads/data/raw/Hewie_Pitbull_Channel/video1/UC_Aswv9nASkcjXoXKPVkPiQ+d-TlFZPG7r0+00002+00005.wav,Hewie_Pitbull_Channel,video1,train
/Users/kingsley/Downloads/data/raw/Hewie_Pitbull_Channel/video1/UC_Aswv9nASkcjXoXKPVkPiQ+d-TlFZPG7r0+00002+00006.wav,Hewie_Pitbull_Channel,video1,train
/Users/kingsley/Downloads/data/raw/Hewie_Pitbull_Channel/video1/UC_Aswv9nASkcjXoXKPVkPiQ+d-TlFZPG7r0+00002+00007.wav,Hewie_Pitbull_Channel,video1,train
/Users/kingsley/Downloads/data/raw/Hewie_Pitbull_Channel/video1/UC_Aswv9nASkcjXoXKPVkPiQ+d-TlFZPG7r0+00003+00000.wav,Hewie_Pitbull_Channel,video1,train
/Users/kingsley/Downloads/data/raw/Hewie_Pitbull_Channel/video1/UC_Aswv9nASkcjXoXKPVkPiQ+d-TlFZPG7r0+00003+00001.wav,Hewie_Pitbull_Channel,video1,train
/Users/kingsley/Downloads/data/raw/Hewie_Pitbull_Channel/video1/UC_Aswv9nASkcjXoXKPVkPiQ+d-TlFZPG7r0+00003+00002.wav,Hewie_Pitbull_Channel,video1,train
/Users/kingsley/Downloads/data/raw/Hewie_Pitbull_Channel/video1/UC_Aswv9nASkcjXoXKPVkPiQ+d-TlFZPG7r0+00003+00003.wav,Hewie_Pitbull_Channel,video1,train
/Users/kingsley/Downloads/data/raw/Hewie_Pitbull_Channel/video1/UC_Aswv9nASkcjXoXKPVkPiQ+d-TlFZPG7r0+00003+00004.wav,Hewie_Pitbull_Channel,video1,train
/Users/kingsley/Downloads/data/raw/Hewie_Pitbull_Channel/video2/UC_Aswv9nASkcjXoXKPVkPiQ+4OjKPVeKIuo+00000+00000.wav,Hewie_Pitbull_Channel,video2,train
/Users/kingsley/Downloads/data/raw/Hewie_Pitbull_Channel/video2/UC_Aswv9nASkcjXoXKPVkPiQ+4OjKPVeKIuo+00000+00001.wav,Hewie_Pitbull_Channel,video2,train
/Users/kingsley/Downloads/data/raw/Hewie_Pitbull_Channel/video2/UC_Aswv9nASkcjXoXKPVkPiQ+4OjKPVeKIuo+00000+00002.wav,Hewie_Pitbull_Channel,video2,train
/Users/kingsley/Downloads/data/raw/Hewie_Pitbull_Channel/video2/UC_Aswv9nASkcjXoXKPVkPiQ+4OjKPVeKIuo+00000+00003.wav,Hewie_Pitbull_Channel,video2,train
/Users/kingsley/Downloads/data/raw/Hewie_Pitbull_Channel/video2/UC_Aswv9nASkcjXoXKPVkPiQ+4OjKPVeKIuo+00000+00004.wav,Hewie_Pitbull_Channel,video2,train
/Users/kingsley/Downloads/data/raw/Hewie_Pitbull_Channel/video2/UC_Aswv9nASkcjXoXKPVkPiQ+4OjKPVeKIuo+00001+00000.wav,Hewie_Pitbull_Channel,video2,train
/Users/kingsley/Downloads/data/raw/Hewie_Pitbull_Channel/video2/UC_Aswv9nASkcjXoXKPVkPiQ+4OjKPVeKIuo+00002+00000.wav,Hewie_Pitbull_Channel,video2,train
/Users/kingsley/Downloads/data/raw/Hewie_Pitbull_Channel/video2/UC_Aswv9nASkcjXoXKPVkPiQ+4OjKPVeKIuo+00003+00000.wav,Hewie_Pitbull_Channel,video2,train
/Users/kingsley/Downloads/data/raw/Hewie_Pitbull_Channel/video2/UC_Aswv9nASkcjXoXKPVkPiQ+4OjKPVeKIuo+00003+00001.wav,Hewie_Pitbull_Channel,video2,train
/Users/kingsley/Downloads/data/raw/Hewie_Pitbull_Channel/video2/UC_Aswv9nASkcjXoXKPVkPiQ+4OjKPVeKIuo+00003+00002.wav,Hewie_Pitbull_Channel,video2,train
/Users/kingsley/Downloads/data/raw/Hewie_Pitbull_Channel/video2/UC_Aswv9nASkcjXoXKPVkPiQ+4OjKPVeKIuo+00004+00000.wav,Hewie_Pitbull_Channel,video2,train
/Users/kingsley/Downloads/data/raw/Hewie_Pitbull_Channel/video2/UC_Aswv9nASkcjXoXKPVkPiQ+4OjKPVeKIuo+00004+00001.wav,Hewie_Pitbull_Channel,video2,train
/Users/kingsley/Downloads/data/raw/Hewie_Pitbull_Channel/video2/UC_Aswv9nASkcjXoXKPVkPiQ+4OjKPVeKIuo+00006+00000.wav,Hewie_Pitbull_Channel,video2,train
/Users/kingsley/Downloads/data/raw/Hewie_Pitbull_Channel/video2/UC_Aswv9nASkcjXoXKPVkPiQ+4OjKPVeKIuo+00007+00000.wav,Hewie_Pitbull_Channel,video2,train
/Users/kingsley/Downloads/data/raw/Hewie_Pitbull_Channel/video3/UC_Aswv9nASkcjXoXKPVkPiQ+Bv9CQol8pcw+00000+00000.wav,Hewie_Pitbull_Channel,video3,train
/Users/kingsley/Downloads/data/raw/Hewie_Pitbull_Channel/video3/UC_Aswv9nASkcjXoXKPVkPiQ+Bv9CQol8pcw+00001+00000.wav,Hewie_Pitbull_Channel,video3,train
/Users/kingsley/Downloads/data/raw/Hewie_Pitbull_Channel/video3/UC_Aswv9nASkcjXoXKPVkPiQ+Bv9CQol8pcw+00001+00001.wav,Hewie_Pitbull_Channel,video3,train
/Users/kingsley/Downloads/data/raw/Hewie_Pitbull_Channel/video3/UC_Aswv9nASkcjXoXKPVkPiQ+Bv9CQol8pcw+00002+00000.wav,Hewie_Pitbull_Channel,video3,train
/Users/kingsley/Downloads/data/raw/Hewie_Pitbull_Channel/video3/UC_Aswv9nASkcjXoXKPVkPiQ+Bv9CQol8pcw+00003+00000.wav,Hewie_Pitbull_Channel,video3,train
/Users/kingsley/Downloads/data/raw/Hewie_Pitbull_Channel/video3/UC_Aswv9nASkcjXoXKPVkPiQ+Bv9CQol8pcw+00005+00000.wav,Hewie_Pitbull_Channel,video3,train
/Users/kingsley/Downloads/data/raw/Hewie_Pitbull_Channel/video3/UC_Aswv9nASkcjXoXKPVkPiQ+Bv9CQol8pcw+00006+00000.wav,Hewie_Pitbull_Channel,video3,train
/Users/kingsley/Downloads/data/raw/Hewie_Pitbull_Channel/video3/UC_Aswv9nASkcjXoXKPVkPiQ+Bv9CQol8pcw+00007+00000.wav,Hewie_Pitbull_Channel,video3,train
/Users/kingsley/Downloads/data/raw/Hewie_Pitbull_Channel/video3/UC_Aswv9nASkcjXoXKPVkPiQ+Bv9CQol8pcw+00007+00001.wav,Hewie_Pitbull_Channel,video3,train
/Users/kingsley/Downloads/data/raw/Hewie_Pitbull_Channel/video3/UC_Aswv9nASkcjXoXKPVkPiQ+Bv9CQol8pcw+00008+00000.wav,Hewie_Pitbull_Channel,video3,train
/Users/kingsley/Downloads/data/raw/Hewie_Pitbull_Channel/video3/UC_Aswv9nASkcjXoXKPVkPiQ+Bv9CQol8pcw+00008+00001.wav,Hewie_Pitbull_Channel,video3,train
/Users/kingsley/Downloads/data/raw/Hewie_Pitbull_Channel/video3/UC_Aswv9nASkcjXoXKPVkPiQ+Bv9CQol8pcw+00008+00002.wav,Hewie_Pitbull_Channel,video3,train
/Users/kingsley/Downloads/data/raw/Hewie_Pitbull_Channel/video4/UC_Aswv9nASkcjXoXKPVkPiQ+ZJrKqJ5WGqw+00001+00000.wav,Hewie_Pitbull_Channel,video4,test
/Users/kingsley/Downloads/data/raw/Hewie_Pitbull_Channel/video4/UC_Aswv9nASkcjXoXKPVkPiQ+ZJrKqJ5WGqw+00002+00000.wav,Hewie_Pitbull_Channel,video4,test
/Users/kingsley/Downloads/data/raw/Hewie_Pitbull_Channel/video4/UC_Aswv9nASkcjXoXKPVkPiQ+ZJrKqJ5WGqw+00002+00001.wav,Hewie_Pitbull_Channel,video4,test
/Users/kingsley/Downloads/data/raw/Hewie_Pitbull_Channel/video4/UC_Aswv9nASkcjXoXKPVkPiQ+ZJrKqJ5WGqw+00003+00000.wav,Hewie_Pitbull_Channel,video4,test
/Users/kingsley/Downloads/data/raw/Hewie_Pitbull_Channel/video4/UC_Aswv9nASkcjXoXKPVkPiQ+ZJrKqJ5WGqw+00003+00001.wav,Hewie_Pitbull_Channel,video4,test
/Users/kingsley/Downloads/data/raw/Hewie_Pitbull_Channel/video4/UC_Aswv9nASkcjXoXKPVkPiQ+ZJrKqJ5WGqw+00003+00002.wav,Hewie_Pitbull_Channel,video4,test
/Users/kingsley/Downloads/data/raw/Hewie_Pitbull_Channel/video4/UC_Aswv9nASkcjXoXKPVkPiQ+ZJrKqJ5WGqw+00004+00000.wav,Hewie_Pitbull_Channel,video4,test
/Users/kingsley/Downloads/data/raw/Hewie_Pitbull_Channel/video4/UC_Aswv9nASkcjXoXKPVkPiQ+ZJrKqJ5WGqw+00005+00000.wav,Hewie_Pitbull_Channel,video4,test
/Users/kingsley/Downloads/data/raw/K_eyush_The_Stunt_Dog/video1/UC_9EXcw4PlVlaklxx12cDqA+_aqk8QrJ3V0+00001+00000.wav,K_eyush_The_Stunt_Dog,video1,train
/Users/kingsley/Downloads/data/raw/K_eyush_The_Stunt_Dog/video1/UC_9EXcw4PlVlaklxx12cDqA+_aqk8QrJ3V0+00002+00000.wav,K_eyush_The_Stunt_Dog,video1,train
/Users/kingsley/Downloads/data/raw/K_eyush_The_Stunt_Dog/video1/UC_9EXcw4PlVlaklxx12cDqA+_aqk8QrJ3V0+00003+00000.wav,K_eyush_The_Stunt_Dog,video1,train
/Users/kingsley/Downloads/data/raw/K_eyush_The_Stunt_Dog/video1/_aqk8QrJ3V0-00001_00000.wav,K_eyush_The_Stunt_Dog,video1,train
/Users/kingsley/Downloads/data/raw/K_eyush_The_Stunt_Dog/video1/_aqk8QrJ3V0-00002_00000.wav,K_eyush_The_Stunt_Dog,video1,train
/Users/kingsley/Downloads/data/raw/K_eyush_The_Stunt_Dog/video1/_aqk8QrJ3V0-00003_00000.wav,K_eyush_The_Stunt_Dog,video1,train
/Users/kingsley/Downloads/data/raw/K_eyush_The_Stunt_Dog/video2/GYOcjti7TVo-00001_00000.wav,K_eyush_The_Stunt_Dog,video2,train
/Users/kingsley/Downloads/data/raw/K_eyush_The_Stunt_Dog/video2/GYOcjti7TVo-00003_00000.wav,K_eyush_The_Stunt_Dog,video2,train
/Users/kingsley/Downloads/data/raw/K_eyush_The_Stunt_Dog/video2/GYOcjti7TVo-00004_00000.wav,K_eyush_The_Stunt_Dog,video2,train
/Users/kingsley/Downloads/data/raw/K_eyush_The_Stunt_Dog/video2/GYOcjti7TVo-00005_00000.wav,K_eyush_The_Stunt_Dog,video2,train
/Users/kingsley/Downloads/data/raw/K_eyush_The_Stunt_Dog/video2/UC_9EXcw4PlVlaklxx12cDqA+GYOcjti7TVo+00001+00000.wav,K_eyush_The_Stunt_Dog,video2,train
/Users/kingsley/Downloads/data/raw/K_eyush_The_Stunt_Dog/video2/UC_9EXcw4PlVlaklxx12cDqA+GYOcjti7TVo+00003+00000.wav,K_eyush_The_Stunt_Dog,video2,train
/Users/kingsley/Downloads/data/raw/K_eyush_The_Stunt_Dog/video2/UC_9EXcw4PlVlaklxx12cDqA+GYOcjti7TVo+00004+00000.wav,K_eyush_The_Stunt_Dog,video2,train
/Users/kingsley/Downloads/data/raw/K_eyush_The_Stunt_Dog/video2/UC_9EXcw4PlVlaklxx12cDqA+GYOcjti7TVo+00005+00000.wav,K_eyush_The_Stunt_Dog,video2,train
/Users/kingsley/Downloads/data/raw/K_eyush_The_Stunt_Dog/video3/RI501EPPIU8-00001_00000.wav,K_eyush_The_Stunt_Dog,video3,train
/Users/kingsley/Downloads/data/raw/K_eyush_The_Stunt_Dog/video3/RI501EPPIU8-00002_00000.wav,K_eyush_The_Stunt_Dog,video3,train
/Users/kingsley/Downloads/data/raw/K_eyush_The_Stunt_Dog/video3/RI501EPPIU8-00003_00000.wav,K_eyush_The_Stunt_Dog,video3,train
/Users/kingsley/Downloads/data/raw/K_eyush_The_Stunt_Dog/video3/RI501EPPIU8-00003_00001.wav,K_eyush_The_Stunt_Dog,video3,train
/Users/kingsley/Downloads/data/raw/K_eyush_The_Stunt_Dog/video3/RI501EPPIU8-00007_00000.wav,K_eyush_The_Stunt_Dog,video3,train
/Users/kingsley/Downloads/data/raw/K_eyush_The_Stunt_Dog/video3/UC_9EXcw4PlVlaklxx12cDqA+RI501EPPIU8+00001+00000.wav,K_eyush_The_Stunt_Dog,video3,train
/Users/kingsley/Downloads/data/raw/K_eyush_The_Stunt_Dog/video3/UC_9EXcw4PlVlaklxx12cDqA+RI501EPPIU8+00002+00000.wav,K_eyush_The_Stunt_Dog,video3,train
/Users/kingsley/Downloads/data/raw/K_eyush_The_Stunt_Dog/video3/UC_9EXcw4PlVlaklxx12cDqA+RI501EPPIU8+00003+00000.wav,K_eyush_The_Stunt_Dog,video3,train
/Users/kingsley/Downloads/data/raw/K_eyush_The_Stunt_Dog/video3/UC_9EXcw4PlVlaklxx12cDqA+RI501EPPIU8+00003+00001.wav,K_eyush_The_Stunt_Dog,video3,train
/Users/kingsley/Downloads/data/raw/K_eyush_The_Stunt_Dog/video3/UC_9EXcw4PlVlaklxx12cDqA+RI501EPPIU8+00007+00000.wav,K_eyush_The_Stunt_Dog,video3,train
/Users/kingsley/Downloads/data/raw/K_eyush_The_Stunt_Dog/video4/UC_9EXcw4PlVlaklxx12cDqA+X46YinoZLCk+00002+00000.wav,K_eyush_The_Stunt_Dog,video4,test
/Users/kingsley/Downloads/data/raw/K_eyush_The_Stunt_Dog/video4/UC_9EXcw4PlVlaklxx12cDqA+X46YinoZLCk+00003+00000.wav,K_eyush_The_Stunt_Dog,video4,test
/Users/kingsley/Downloads/data/raw/K_eyush_The_Stunt_Dog/video4/X46YinoZLCk-00002_00000.wav,K_eyush_The_Stunt_Dog,video4,test
/Users/kingsley/Downloads/data/raw/K_eyush_The_Stunt_Dog/video4/X46YinoZLCk-00003_00000.wav,K_eyush_The_Stunt_Dog,video4,test
/Users/kingsley/Downloads/data/raw/Kylo/video1/7256899862036270341-00000_00000.wav,Kylo,video1,train
/Users/kingsley/Downloads/data/raw/Kylo/video1/7256899862036270341-00000_00001.wav,Kylo,video1,train
/Users/kingsley/Downloads/data/raw/Kylo/video1/7256899862036270341-00000_00002.wav,Kylo,video1,train
/Users/kingsley/Downloads/data/raw/Kylo/video1/7256899862036270341-00000_00003.wav,Kylo,video1,train
/Users/kingsley/Downloads/data/raw/Kylo/video1/7256899862036270341-00001_00000.wav,Kylo,video1,train
/Users/kingsley/Downloads/data/raw/Kylo/video1/7256899862036270341-00001_00001.wav,Kylo,video1,train
/Users/kingsley/Downloads/data/raw/Kylo/video2/6856957362423500037-00000_00000.wav,Kylo,video2,train
/Users/kingsley/Downloads/data/raw/Kylo/video2/6856957362423500037-00000_00001.wav,Kylo,video2,train
/Users/kingsley/Downloads/data/raw/Kylo/video2/6856957362423500037-00000_00002.wav,Kylo,video2,train
/Users/kingsley/Downloads/data/raw/Kylo/video2/6856957362423500037-00001_00000.wav,Kylo,video2,train
/Users/kingsley/Downloads/data/raw/Kylo/video2/6856957362423500037-00001_00001.wav,Kylo,video2,train
/Users/kingsley/Downloads/data/raw/Kylo/video2/6856957362423500037-00001_00002.wav,Kylo,video2,train
/Users/kingsley/Downloads/data/raw/Kylo/video2/6856957362423500037-00001_00003.wav,Kylo,video2,train
/Users/kingsley/Downloads/data/raw/Kylo/video3/7058375982733905158-00000_00000.wav,Kylo,video3,train
/Users/kingsley/Downloads/data/raw/Kylo/video3/7058375982733905158-00000_00001.wav,Kylo,video3,train
/Users/kingsley/Downloads/data/raw/Kylo/video3/7058375982733905158-00001_00000.wav,Kylo,video3,train
/Users/kingsley/Downloads/data/raw/Kylo/video3/7058375982733905158-00001_00001.wav,Kylo,video3,train
/Users/kingsley/Downloads/data/raw/Kylo/video3/7058375982733905158-00002_00000.wav,Kylo,video3,train
/Users/kingsley/Downloads/data/raw/Kylo/video4/7320187991249505542-00000_00000.wav,Kylo,video4,test
/Users/kingsley/Downloads/data/raw/Kylo/video4/7320187991249505542-00000_00001.wav,Kylo,video4,test
/Users/kingsley/Downloads/data/raw/Kylo/video4/7320187991249505542-00001_00000.wav,Kylo,video4,test
/Users/kingsley/Downloads/data/raw/Kylo/video4/7320187991249505542-00001_00001.wav,Kylo,video4,test
/Users/kingsley/Downloads/data/raw/Kylo/video4/7320187991249505542-00002_00000.wav,Kylo,video4,test
/Users/kingsley/Downloads/data/raw/Kylo/video4/7320187991249505542-00002_00001.wav,Kylo,video4,test
/Users/kingsley/Downloads/data/raw/Kylo/video4/7320187991249505542-00003_00000.wav,Kylo,video4,test
/Users/kingsley/Downloads/data/raw/Kylo/video4/7320187991249505542-00004_00000.wav,Kylo,video4,test
/Users/kingsley/Downloads/data/raw/Kylo/video4/7320187991249505542-00004_00001.wav,Kylo,video4,test
/Users/kingsley/Downloads/data/raw/LOLA🐻/video1/7436895946052586784-00000_00000.wav,LOLA🐻,video1,train
/Users/kingsley/Downloads/data/raw/LOLA🐻/video1/7436895946052586784-00000_00001.wav,LOLA🐻,video1,train
/Users/kingsley/Downloads/data/raw/LOLA🐻/video1/7436895946052586784-00001_00000.wav,LOLA🐻,video1,train
/Users/kingsley/Downloads/data/raw/LOLA🐻/video1/7436895946052586784-00002_00000.wav,LOLA🐻,video1,train
/Users/kingsley/Downloads/data/raw/LOLA🐻/video1/7436895946052586784-00002_00001.wav,LOLA🐻,video1,train
/Users/kingsley/Downloads/data/raw/LOLA🐻/video1/7436895946052586784-00002_00002.wav,LOLA🐻,video1,train
/Users/kingsley/Downloads/data/raw/LOLA🐻/video1/7436895946052586784-00003_00000.wav,LOLA🐻,video1,train
/Users/kingsley/Downloads/data/raw/LOLA🐻/video1/7436895946052586784-00003_00001.wav,LOLA🐻,video1,train
/Users/kingsley/Downloads/data/raw/LOLA🐻/video1/7436895946052586784-00003_00002.wav,LOLA🐻,video1,train
/Users/kingsley/Downloads/data/raw/LOLA🐻/video1/7436895946052586784-00003_00003.wav,LOLA🐻,video1,train
/Users/kingsley/Downloads/data/raw/LOLA🐻/video2/7319992823795813665-00000_00000.wav,LOLA🐻,video2,train
/Users/kingsley/Downloads/data/raw/LOLA🐻/video2/7319992823795813665-00000_00001.wav,LOLA🐻,video2,train
/Users/kingsley/Downloads/data/raw/LOLA🐻/video2/7319992823795813665-00000_00002.wav,LOLA🐻,video2,train
/Users/kingsley/Downloads/data/raw/LOLA🐻/video2/7319992823795813665-00000_00003.wav,LOLA🐻,video2,train
/Users/kingsley/Downloads/data/raw/LOLA🐻/video2/7319992823795813665-00000_00004.wav,LOLA🐻,video2,train
/Users/kingsley/Downloads/data/raw/LOLA🐻/video2/7319992823795813665-00000_00005.wav,LOLA🐻,video2,train
/Users/kingsley/Downloads/data/raw/LOLA🐻/video3/7240923860646808859-00000_00000.wav,LOLA🐻,video3,train
/Users/kingsley/Downloads/data/raw/LOLA🐻/video3/7240923860646808859-00000_00001.wav,LOLA🐻,video3,train
/Users/kingsley/Downloads/data/raw/LOLA🐻/video3/7240923860646808859-00000_00002.wav,LOLA🐻,video3,train
/Users/kingsley/Downloads/data/raw/LOLA🐻/video3/7240923860646808859-00001_00000.wav,LOLA🐻,video3,train
/Users/kingsley/Downloads/data/raw/LOLA🐻/video3/7240923860646808859-00001_00001.wav,LOLA🐻,video3,train
/Users/kingsley/Downloads/data/raw/LOLA🐻/video3/7240923860646808859-00001_00002.wav,LOLA🐻,video3,train
/Users/kingsley/Downloads/data/raw/LOLA🐻/video3/7240923860646808859-00001_00003.wav,LOLA🐻,video3,train
/Users/kingsley/Downloads/data/raw/LOLA🐻/video4/7440228044289199393-00000_00000.wav,LOLA🐻,video4,test
/Users/kingsley/Downloads/data/raw/LOLA🐻/video4/7440228044289199393-00001_00000.wav,LOLA🐻,video4,test
/Users/kingsley/Downloads/data/raw/LOLA🐻/video4/7440228044289199393-00002_00000.wav,LOLA🐻,video4,test
/Users/kingsley/Downloads/data/raw/LOLA🐻/video4/7440228044289199393-00002_00001.wav,LOLA🐻,video4,test
/Users/kingsley/Downloads/data/raw/LOLA🐻/video4/7440228044289199393-00003_00000.wav,LOLA🐻,video4,test
/Users/kingsley/Downloads/data/raw/LOLA🐻/video4/7440228044289199393-00004_00000.wav,LOLA🐻,video4,test
/Users/kingsley/Downloads/data/raw/LOLA🐻/video4/7440228044289199393-00004_00001.wav,LOLA🐻,video4,test
/Users/kingsley/Downloads/data/raw/LOLA🐻/video4/7440228044289199393-00005_00000.wav,LOLA🐻,video4,test
/Users/kingsley/Downloads/data/raw/LOLA🐻/video4/7440228044289199393-00006_00000.wav,LOLA🐻,video4,test
/Users/kingsley/Downloads/data/raw/Lou_the_Chichi/video1/UCLG7tVBqBomxU96D2zOxoJA+-a-oxFEVP70+00000+00000.wav,Lou_the_Chichi,video1,train
/Users/kingsley/Downloads/data/raw/Lou_the_Chichi/video1/UCLG7tVBqBomxU96D2zOxoJA+-a-oxFEVP70+00001+00000.wav,Lou_the_Chichi,video1,train
/Users/kingsley/Downloads/data/raw/Lou_the_Chichi/video1/UCLG7tVBqBomxU96D2zOxoJA+-a-oxFEVP70+00001+00001.wav,Lou_the_Chichi,video1,train
/Users/kingsley/Downloads/data/raw/Lou_the_Chichi/video1/UCLG7tVBqBomxU96D2zOxoJA+-a-oxFEVP70+00002+00000.wav,Lou_the_Chichi,video1,train
/Users/kingsley/Downloads/data/raw/Lou_the_Chichi/video2/UCLG7tVBqBomxU96D2zOxoJA+X-WPcvAzDjE+00000+00000.wav,Lou_the_Chichi,video2,train
/Users/kingsley/Downloads/data/raw/Lou_the_Chichi/video2/UCLG7tVBqBomxU96D2zOxoJA+X-WPcvAzDjE+00000+00001.wav,Lou_the_Chichi,video2,train
/Users/kingsley/Downloads/data/raw/Lou_the_Chichi/video2/UCLG7tVBqBomxU96D2zOxoJA+X-WPcvAzDjE+00000+00002.wav,Lou_the_Chichi,video2,train
/Users/kingsley/Downloads/data/raw/Lou_the_Chichi/video2/UCLG7tVBqBomxU96D2zOxoJA+X-WPcvAzDjE+00003+00000.wav,Lou_the_Chichi,video2,train
/Users/kingsley/Downloads/data/raw/Lou_the_Chichi/video2/UCLG7tVBqBomxU96D2zOxoJA+X-WPcvAzDjE+00004+00000.wav,Lou_the_Chichi,video2,train
/Users/kingsley/Downloads/data/raw/Lou_the_Chichi/video3/UCLG7tVBqBomxU96D2zOxoJA+zmPX27TrFMo+00000+00000.wav,Lou_the_Chichi,video3,train
/Users/kingsley/Downloads/data/raw/Lou_the_Chichi/video3/UCLG7tVBqBomxU96D2zOxoJA+zmPX27TrFMo+00000+00001.wav,Lou_the_Chichi,video3,train
/Users/kingsley/Downloads/data/raw/Lou_the_Chichi/video3/UCLG7tVBqBomxU96D2zOxoJA+zmPX27TrFMo+00000+00002.wav,Lou_the_Chichi,video3,train
/Users/kingsley/Downloads/data/raw/Lou_the_Chichi/video3/UCLG7tVBqBomxU96D2zOxoJA+zmPX27TrFMo+00000+00003.wav,Lou_the_Chichi,video3,train
/Users/kingsley/Downloads/data/raw/Mafia_The_PitBull/video1/UCS8orEh5CcGm2LRELwWcqOg+x4_xbtuM06k+00000+00000.wav,Mafia_The_PitBull,video1,train
/Users/kingsley/Downloads/data/raw/Mafia_The_PitBull/video1/UCS8orEh5CcGm2LRELwWcqOg+x4_xbtuM06k+00003+00000.wav,Mafia_The_PitBull,video1,train
/Users/kingsley/Downloads/data/raw/Mafia_The_PitBull/video1/UCS8orEh5CcGm2LRELwWcqOg+x4_xbtuM06k+00004+00000.wav,Mafia_The_PitBull,video1,train
/Users/kingsley/Downloads/data/raw/Mafia_The_PitBull/video1/UCS8orEh5CcGm2LRELwWcqOg+x4_xbtuM06k+00004+00001.wav,Mafia_The_PitBull,video1,train
/Users/kingsley/Downloads/data/raw/Mafia_The_PitBull/video1/UCS8orEh5CcGm2LRELwWcqOg+x4_xbtuM06k+00005+00000.wav,Mafia_The_PitBull,video1,train
/Users/kingsley/Downloads/data/raw/Mafia_The_PitBull/video2/UCS8orEh5CcGm2LRELwWcqOg+Zre1r2MFL0g+00000+00000.wav,Mafia_The_PitBull,video2,train
/Users/kingsley/Downloads/data/raw/Mafia_The_PitBull/video2/UCS8orEh5CcGm2LRELwWcqOg+Zre1r2MFL0g+00001+00000.wav,Mafia_The_PitBull,video2,train
/Users/kingsley/Downloads/data/raw/Mafia_The_PitBull/video2/UCS8orEh5CcGm2LRELwWcqOg+Zre1r2MFL0g+00001+00001.wav,Mafia_The_PitBull,video2,train
/Users/kingsley/Downloads/data/raw/Mafia_The_PitBull/video2/UCS8orEh5CcGm2LRELwWcqOg+Zre1r2MFL0g+00001+00002.wav,Mafia_The_PitBull,video2,train
/Users/kingsley/Downloads/data/raw/Mafia_The_PitBull/video2/UCS8orEh5CcGm2LRELwWcqOg+Zre1r2MFL0g+00002+00000.wav,Mafia_The_PitBull,video2,train
/Users/kingsley/Downloads/data/raw/Mafia_The_PitBull/video2/UCS8orEh5CcGm2LRELwWcqOg+Zre1r2MFL0g+00002+00001.wav,Mafia_The_PitBull,video2,train
/Users/kingsley/Downloads/data/raw/Mafia_The_PitBull/video2/UCS8orEh5CcGm2LRELwWcqOg+Zre1r2MFL0g+00002+00002.wav,Mafia_The_PitBull,video2,train
/Users/kingsley/Downloads/data/raw/Mafia_The_PitBull/video2/UCS8orEh5CcGm2LRELwWcqOg+Zre1r2MFL0g+00002+00003.wav,Mafia_The_PitBull,video2,train
/Users/kingsley/Downloads/data/raw/Mafia_The_PitBull/video2/UCS8orEh5CcGm2LRELwWcqOg+Zre1r2MFL0g+00002+00004.wav,Mafia_The_PitBull,video2,train
/Users/kingsley/Downloads/data/raw/Mafia_The_PitBull/video2/UCS8orEh5CcGm2LRELwWcqOg+Zre1r2MFL0g+00002+00005.wav,Mafia_The_PitBull,video2,train
/Users/kingsley/Downloads/data/raw/Mafia_The_PitBull/video3/UCS8orEh5CcGm2LRELwWcqOg+EIM2XmxK_Hc+00000+00000.wav,Mafia_The_PitBull,video3,train
/Users/kingsley/Downloads/data/raw/Mafia_The_PitBull/video3/UCS8orEh5CcGm2LRELwWcqOg+EIM2XmxK_Hc+00000+00001.wav,Mafia_The_PitBull,video3,train
/Users/kingsley/Downloads/data/raw/Mafia_The_PitBull/video3/UCS8orEh5CcGm2LRELwWcqOg+EIM2XmxK_Hc+00000+00002.wav,Mafia_The_PitBull,video3,train
/Users/kingsley/Downloads/data/raw/Mafia_The_PitBull/video3/UCS8orEh5CcGm2LRELwWcqOg+EIM2XmxK_Hc+00000+00003.wav,Mafia_The_PitBull,video3,train
/Users/kingsley/Downloads/data/raw/Mafia_The_PitBull/video3/UCS8orEh5CcGm2LRELwWcqOg+EIM2XmxK_Hc+00000+00004.wav,Mafia_The_PitBull,video3,train
/Users/kingsley/Downloads/data/raw/Mafia_The_PitBull/video3/UCS8orEh5CcGm2LRELwWcqOg+EIM2XmxK_Hc+00000+00005.wav,Mafia_The_PitBull,video3,train
/Users/kingsley/Downloads/data/raw/Mafia_The_PitBull/video4/UCS8orEh5CcGm2LRELwWcqOg+buvFGFFX6ck+00000+00000.wav,Mafia_The_PitBull,video4,test
/Users/kingsley/Downloads/data/raw/Mafia_The_PitBull/video4/UCS8orEh5CcGm2LRELwWcqOg+buvFGFFX6ck+00000+00001.wav,Mafia_The_PitBull,video4,test
/Users/kingsley/Downloads/data/raw/Mafia_The_PitBull/video4/UCS8orEh5CcGm2LRELwWcqOg+buvFGFFX6ck+00000+00002.wav,Mafia_The_PitBull,video4,test
/Users/kingsley/Downloads/data/raw/Mafia_The_PitBull/video4/UCS8orEh5CcGm2LRELwWcqOg+buvFGFFX6ck+00000+00003.wav,Mafia_The_PitBull,video4,test
/Users/kingsley/Downloads/data/raw/Mafia_The_PitBull/video4/UCS8orEh5CcGm2LRELwWcqOg+buvFGFFX6ck+00000+00004.wav,Mafia_The_PitBull,video4,test
/Users/kingsley/Downloads/data/raw/Mafia_The_PitBull/video4/UCS8orEh5CcGm2LRELwWcqOg+buvFGFFX6ck+00000+00005.wav,Mafia_The_PitBull,video4,test
/Users/kingsley/Downloads/data/raw/Mafia_The_PitBull/video4/UCS8orEh5CcGm2LRELwWcqOg+buvFGFFX6ck+00000+00006.wav,Mafia_The_PitBull,video4,test
/Users/kingsley/Downloads/data/raw/Mafia_The_PitBull/video4/UCS8orEh5CcGm2LRELwWcqOg+buvFGFFX6ck+00000+00007.wav,Mafia_The_PitBull,video4,test
/Users/kingsley/Downloads/data/raw/Mafia_The_PitBull/video4/UCS8orEh5CcGm2LRELwWcqOg+buvFGFFX6ck+00000+00008.wav,Mafia_The_PitBull,video4,test
/Users/kingsley/Downloads/data/raw/Mafia_The_PitBull/video4/UCS8orEh5CcGm2LRELwWcqOg+buvFGFFX6ck+00000+00009.wav,Mafia_The_PitBull,video4,test
/Users/kingsley/Downloads/data/raw/Mafia_The_PitBull/video4/UCS8orEh5CcGm2LRELwWcqOg+buvFGFFX6ck+00002+00000.wav,Mafia_The_PitBull,video4,test
/Users/kingsley/Downloads/data/raw/Mafia_The_PitBull/video4/UCS8orEh5CcGm2LRELwWcqOg+buvFGFFX6ck+00002+00001.wav,Mafia_The_PitBull,video4,test
/Users/kingsley/Downloads/data/raw/Mafia_The_PitBull/video4/UCS8orEh5CcGm2LRELwWcqOg+buvFGFFX6ck+00002+00002.wav,Mafia_The_PitBull,video4,test
/Users/kingsley/Downloads/data/raw/Mafia_The_PitBull/video4/UCS8orEh5CcGm2LRELwWcqOg+buvFGFFX6ck+00002+00003.wav,Mafia_The_PitBull,video4,test
/Users/kingsley/Downloads/data/raw/Mafia_The_PitBull/video4/UCS8orEh5CcGm2LRELwWcqOg+buvFGFFX6ck+00004+00000.wav,Mafia_The_PitBull,video4,test
/Users/kingsley/Downloads/data/raw/Mafia_The_PitBull/video4/UCS8orEh5CcGm2LRELwWcqOg+buvFGFFX6ck+00005+00000.wav,Mafia_The_PitBull,video4,test
/Users/kingsley/Downloads/data/raw/MaisytheBarnHippo/video1/7342626042621791530-00000_00000.wav,MaisytheBarnHippo,video1,train
/Users/kingsley/Downloads/data/raw/MaisytheBarnHippo/video1/7342626042621791530-00000_00001.wav,MaisytheBarnHippo,video1,train
/Users/kingsley/Downloads/data/raw/MaisytheBarnHippo/video1/7342626042621791530-00000_00002.wav,MaisytheBarnHippo,video1,train
/Users/kingsley/Downloads/data/raw/MaisytheBarnHippo/video1/7342626042621791530-00000_00003.wav,MaisytheBarnHippo,video1,train
/Users/kingsley/Downloads/data/raw/MaisytheBarnHippo/video1/7342626042621791530-00000_00004.wav,MaisytheBarnHippo,video1,train
/Users/kingsley/Downloads/data/raw/MaisytheBarnHippo/video2/7168846367530437931-00000_00000.wav,MaisytheBarnHippo,video2,train
/Users/kingsley/Downloads/data/raw/MaisytheBarnHippo/video2/7168846367530437931-00000_00001.wav,MaisytheBarnHippo,video2,train
/Users/kingsley/Downloads/data/raw/MaisytheBarnHippo/video2/7168846367530437931-00000_00002.wav,MaisytheBarnHippo,video2,train
/Users/kingsley/Downloads/data/raw/MaisytheBarnHippo/video2/7168846367530437931-00000_00003.wav,MaisytheBarnHippo,video2,train
/Users/kingsley/Downloads/data/raw/MaisytheBarnHippo/video2/7168846367530437931-00000_00004.wav,MaisytheBarnHippo,video2,train
/Users/kingsley/Downloads/data/raw/MaisytheBarnHippo/video2/7168846367530437931-00000_00005.wav,MaisytheBarnHippo,video2,train
/Users/kingsley/Downloads/data/raw/MaisytheBarnHippo/video2/7168846367530437931-00000_00006.wav,MaisytheBarnHippo,video2,train
/Users/kingsley/Downloads/data/raw/MaisytheBarnHippo/video2/7168846367530437931-00000_00007.wav,MaisytheBarnHippo,video2,train
/Users/kingsley/Downloads/data/raw/MaisytheBarnHippo/video2/7168846367530437931-00000_00008.wav,MaisytheBarnHippo,video2,train
/Users/kingsley/Downloads/data/raw/MaisytheBarnHippo/video2/7168846367530437931-00000_00009.wav,MaisytheBarnHippo,video2,train
/Users/kingsley/Downloads/data/raw/MaisytheBarnHippo/video3/7101469824777293098-00000_00000.wav,MaisytheBarnHippo,video3,train
/Users/kingsley/Downloads/data/raw/MaisytheBarnHippo/video3/7101469824777293098-00001_00000.wav,MaisytheBarnHippo,video3,train
/Users/kingsley/Downloads/data/raw/MaisytheBarnHippo/video3/7101469824777293098-00002_00000.wav,MaisytheBarnHippo,video3,train
/Users/kingsley/Downloads/data/raw/MaisytheBarnHippo/video3/7101469824777293098-00002_00001.wav,MaisytheBarnHippo,video3,train
/Users/kingsley/Downloads/data/raw/MaisytheBarnHippo/video3/7101469824777293098-00002_00002.wav,MaisytheBarnHippo,video3,train
/Users/kingsley/Downloads/data/raw/MaisytheBarnHippo/video4/7334844198962679082-00000_00000.wav,MaisytheBarnHippo,video4,test
/Users/kingsley/Downloads/data/raw/MaisytheBarnHippo/video4/7334844198962679082-00000_00001.wav,MaisytheBarnHippo,video4,test
/Users/kingsley/Downloads/data/raw/MaisytheBarnHippo/video4/7334844198962679082-00000_00002.wav,MaisytheBarnHippo,video4,test
/Users/kingsley/Downloads/data/raw/MaisytheBarnHippo/video4/7334844198962679082-00000_00003.wav,MaisytheBarnHippo,video4,test
/Users/kingsley/Downloads/data/raw/MaisytheBarnHippo/video4/7334844198962679082-00000_00004.wav,MaisytheBarnHippo,video4,test
/Users/kingsley/Downloads/data/raw/MaisytheBarnHippo/video4/7334844198962679082-00000_00005.wav,MaisytheBarnHippo,video4,test
/Users/kingsley/Downloads/data/raw/Mary_The_Pitbull/video1/Cn793XfIT80-00000_00000.wav,Mary_The_Pitbull,video1,train
/Users/kingsley/Downloads/data/raw/Mary_The_Pitbull/video1/Cn793XfIT80-00001_00000.wav,Mary_The_Pitbull,video1,train
/Users/kingsley/Downloads/data/raw/Mary_The_Pitbull/video1/Cn793XfIT80-00002_00000.wav,Mary_The_Pitbull,video1,train
/Users/kingsley/Downloads/data/raw/Mary_The_Pitbull/video1/UChnH1k5wJfcIAWmLkKzJiYg+Cn793XfIT80+00000+00000.wav,Mary_The_Pitbull,video1,train
/Users/kingsley/Downloads/data/raw/Mary_The_Pitbull/video1/UChnH1k5wJfcIAWmLkKzJiYg+Cn793XfIT80+00001+00000.wav,Mary_The_Pitbull,video1,train
/Users/kingsley/Downloads/data/raw/Mary_The_Pitbull/video1/UChnH1k5wJfcIAWmLkKzJiYg+Cn793XfIT80+00002+00000.wav,Mary_The_Pitbull,video1,train
/Users/kingsley/Downloads/data/raw/Mary_The_Pitbull/video2/UChnH1k5wJfcIAWmLkKzJiYg+Ihaj_V7VSXo+00000+00000.wav,Mary_The_Pitbull,video2,train
/Users/kingsley/Downloads/data/raw/Mary_The_Pitbull/video2/UChnH1k5wJfcIAWmLkKzJiYg+Ihaj_V7VSXo+00000+00001.wav,Mary_The_Pitbull,video2,train
/Users/kingsley/Downloads/data/raw/Mary_The_Pitbull/video2/UChnH1k5wJfcIAWmLkKzJiYg+Ihaj_V7VSXo+00000+00002.wav,Mary_The_Pitbull,video2,train
/Users/kingsley/Downloads/data/raw/Mary_The_Pitbull/video2/UChnH1k5wJfcIAWmLkKzJiYg+Ihaj_V7VSXo+00000+00003.wav,Mary_The_Pitbull,video2,train
/Users/kingsley/Downloads/data/raw/Mary_The_Pitbull/video3/UChnH1k5wJfcIAWmLkKzJiYg+igifgBxpCFE+00000+00000.wav,Mary_The_Pitbull,video3,train
/Users/kingsley/Downloads/data/raw/Mary_The_Pitbull/video3/UChnH1k5wJfcIAWmLkKzJiYg+igifgBxpCFE+00000+00001.wav,Mary_The_Pitbull,video3,train
/Users/kingsley/Downloads/data/raw/Mary_The_Pitbull/video3/UChnH1k5wJfcIAWmLkKzJiYg+igifgBxpCFE+00001+00000.wav,Mary_The_Pitbull,video3,train
/Users/kingsley/Downloads/data/raw/Mary_The_Pitbull/video3/UChnH1k5wJfcIAWmLkKzJiYg+igifgBxpCFE+00002+00000.wav,Mary_The_Pitbull,video3,train
/Users/kingsley/Downloads/data/raw/Mary_The_Pitbull/video3/UChnH1k5wJfcIAWmLkKzJiYg+igifgBxpCFE+00003+00000.wav,Mary_The_Pitbull,video3,train
/Users/kingsley/Downloads/data/raw/Mary_The_Pitbull/video3/UChnH1k5wJfcIAWmLkKzJiYg+igifgBxpCFE+00004+00000.wav,Mary_The_Pitbull,video3,train
/Users/kingsley/Downloads/data/raw/Mary_The_Pitbull/video3/UChnH1k5wJfcIAWmLkKzJiYg+igifgBxpCFE+00005+00000.wav,Mary_The_Pitbull,video3,train
/Users/kingsley/Downloads/data/raw/Mary_The_Pitbull/video4/Rxc7oUEp_7U-00002_00000.wav,Mary_The_Pitbull,video4,test
/Users/kingsley/Downloads/data/raw/Mary_The_Pitbull/video4/UChnH1k5wJfcIAWmLkKzJiYg+Rxc7oUEp_7U+00000+00000.wav,Mary_The_Pitbull,video4,test
/Users/kingsley/Downloads/data/raw/Mary_The_Pitbull/video4/UChnH1k5wJfcIAWmLkKzJiYg+Rxc7oUEp_7U+00002+00000.wav,Mary_The_Pitbull,video4,test
/Users/kingsley/Downloads/data/raw/Meeka_The_Husky/video1/K-C5uTsCNOU-00000_00000.wav,Meeka_The_Husky,video1,train
/Users/kingsley/Downloads/data/raw/Meeka_The_Husky/video1/K-C5uTsCNOU-00000_00001.wav,Meeka_The_Husky,video1,train
/Users/kingsley/Downloads/data/raw/Meeka_The_Husky/video1/K-C5uTsCNOU-00000_00002.wav,Meeka_The_Husky,video1,train
/Users/kingsley/Downloads/data/raw/Meeka_The_Husky/video2/eVbj85YUkHM-00000_00000.wav,Meeka_The_Husky,video2,train
/Users/kingsley/Downloads/data/raw/Meeka_The_Husky/video2/eVbj85YUkHM-00001_00000.wav,Meeka_The_Husky,video2,train
/Users/kingsley/Downloads/data/raw/Meeka_The_Husky/video2/eVbj85YUkHM-00001_00001.wav,Meeka_The_Husky,video2,train
/Users/kingsley/Downloads/data/raw/Meeka_The_Husky/video2/eVbj85YUkHM-00001_00002.wav,Meeka_The_Husky,video2,train
/Users/kingsley/Downloads/data/raw/Meeka_The_Husky/video2/eVbj85YUkHM-00001_00003.wav,Meeka_The_Husky,video2,train
/Users/kingsley/Downloads/data/raw/Meeka_The_Husky/video2/eVbj85YUkHM-00001_00004.wav,Meeka_The_Husky,video2,train
/Users/kingsley/Downloads/data/raw/Meeka_The_Husky/video2/eVbj85YUkHM-00001_00005.wav,Meeka_The_Husky,video2,train
/Users/kingsley/Downloads/data/raw/Meeka_The_Husky/video3/J_UiTn23Esw-00000_00000.wav,Meeka_The_Husky,video3,train
/Users/kingsley/Downloads/data/raw/Meeka_The_Husky/video3/J_UiTn23Esw-00000_00001.wav,Meeka_The_Husky,video3,train
/Users/kingsley/Downloads/data/raw/Meeka_The_Husky/video3/J_UiTn23Esw-00000_00002.wav,Meeka_The_Husky,video3,train
/Users/kingsley/Downloads/data/raw/Meeka_The_Husky/video4/epiJXo2chVI-00000_00000.wav,Meeka_The_Husky,video4,test
/Users/kingsley/Downloads/data/raw/Meeka_The_Husky/video4/epiJXo2chVI-00000_00001.wav,Meeka_The_Husky,video4,test
/Users/kingsley/Downloads/data/raw/Meeka_The_Husky/video4/epiJXo2chVI-00001_00000.wav,Meeka_The_Husky,video4,test
/Users/kingsley/Downloads/data/raw/Meeka_The_Husky/video4/epiJXo2chVI-00001_00001.wav,Meeka_The_Husky,video4,test
/Users/kingsley/Downloads/data/raw/MiMi_My_Friend/video1/UCmOzdrBJjPu8CjQA3y_R3Kw+6d_8iBIoV5Y+00000+00000.wav,MiMi_My_Friend,video1,train
/Users/kingsley/Downloads/data/raw/MiMi_My_Friend/video2/UCmOzdrBJjPu8CjQA3y_R3Kw+f1BUWwWpaD8+00000+00000.wav,MiMi_My_Friend,video2,train
/Users/kingsley/Downloads/data/raw/MiMi_My_Friend/video2/UCmOzdrBJjPu8CjQA3y_R3Kw+f1BUWwWpaD8+00000+00001.wav,MiMi_My_Friend,video2,train
/Users/kingsley/Downloads/data/raw/MiMi_My_Friend/video2/UCmOzdrBJjPu8CjQA3y_R3Kw+f1BUWwWpaD8+00001+00000.wav,MiMi_My_Friend,video2,train
/Users/kingsley/Downloads/data/raw/MiMi_My_Friend/video3/UCmOzdrBJjPu8CjQA3y_R3Kw+GZxR7GUSf3E+00000+00000.wav,MiMi_My_Friend,video3,train
/Users/kingsley/Downloads/data/raw/MiMi_My_Friend/video3/UCmOzdrBJjPu8CjQA3y_R3Kw+GZxR7GUSf3E+00000+00001.wav,MiMi_My_Friend,video3,train
/Users/kingsley/Downloads/data/raw/MiMi_My_Friend/video4/UCmOzdrBJjPu8CjQA3y_R3Kw+MiY8voempPM+00000+00000.wav,MiMi_My_Friend,video4,test
/Users/kingsley/Downloads/data/raw/MiMi_My_Friend/video4/UCmOzdrBJjPu8CjQA3y_R3Kw+MiY8voempPM+00000+00001.wav,MiMi_My_Friend,video4,test
/Users/kingsley/Downloads/data/raw/MiMi_My_Friend/video4/UCmOzdrBJjPu8CjQA3y_R3Kw+MiY8voempPM+00001+00000.wav,MiMi_My_Friend,video4,test
/Users/kingsley/Downloads/data/raw/Nikko_Boy/video1/7392752378472074538-00000_00000.wav,Nikko_Boy,video1,train
/Users/kingsley/Downloads/data/raw/Nikko_Boy/video1/7392752378472074538-00001_00000.wav,Nikko_Boy,video1,train
/Users/kingsley/Downloads/data/raw/Nikko_Boy/video1/7392752378472074538-00001_00001.wav,Nikko_Boy,video1,train
/Users/kingsley/Downloads/data/raw/Nikko_Boy/video1/7392752378472074538-00002_00000.wav,Nikko_Boy,video1,train
/Users/kingsley/Downloads/data/raw/Nikko_Boy/video1/7392752378472074538-00002_00001.wav,Nikko_Boy,video1,train
/Users/kingsley/Downloads/data/raw/Nikko_Boy/video1/7392752378472074538-00003_00000.wav,Nikko_Boy,video1,train
/Users/kingsley/Downloads/data/raw/Nikko_Boy/video1/7392752378472074538-00004_00000.wav,Nikko_Boy,video1,train
/Users/kingsley/Downloads/data/raw/Nikko_Boy/video1/7392752378472074538-00005_00000.wav,Nikko_Boy,video1,train
/Users/kingsley/Downloads/data/raw/Nikko_Boy/video1/7392752378472074538-00005_00001.wav,Nikko_Boy,video1,train
/Users/kingsley/Downloads/data/raw/Nikko_Boy/video1/7392752378472074538-00005_00002.wav,Nikko_Boy,video1,train
/Users/kingsley/Downloads/data/raw/Nikko_Boy/video1/7392752378472074538-00006_00000.wav,Nikko_Boy,video1,train
/Users/kingsley/Downloads/data/raw/Nikko_Boy/video2/7384250082943683883-00000_00000.wav,Nikko_Boy,video2,train
/Users/kingsley/Downloads/data/raw/Nikko_Boy/video2/7384250082943683883-00000_00001.wav,Nikko_Boy,video2,train
/Users/kingsley/Downloads/data/raw/Nikko_Boy/video2/7384250082943683883-00000_00002.wav,Nikko_Boy,video2,train
/Users/kingsley/Downloads/data/raw/Nikko_Boy/video2/7384250082943683883-00001_00000.wav,Nikko_Boy,video2,train
/Users/kingsley/Downloads/data/raw/Nikko_Boy/video2/7384250082943683883-00001_00001.wav,Nikko_Boy,video2,train
/Users/kingsley/Downloads/data/raw/Nikko_Boy/video2/7384250082943683883-00001_00002.wav,Nikko_Boy,video2,train
/Users/kingsley/Downloads/data/raw/Nikko_Boy/video2/7384250082943683883-00001_00003.wav,Nikko_Boy,video2,train
/Users/kingsley/Downloads/data/raw/Nikko_Boy/video2/7384250082943683883-00002_00000.wav,Nikko_Boy,video2,train
/Users/kingsley/Downloads/data/raw/Nikko_Boy/video2/7384250082943683883-00002_00001.wav,Nikko_Boy,video2,train
/Users/kingsley/Downloads/data/raw/Nikko_Boy/video2/7384250082943683883-00002_00002.wav,Nikko_Boy,video2,train
/Users/kingsley/Downloads/data/raw/Nikko_Boy/video2/7384250082943683883-00002_00003.wav,Nikko_Boy,video2,train
/Users/kingsley/Downloads/data/raw/Nikko_Boy/video2/7384250082943683883-00003_00000.wav,Nikko_Boy,video2,train
/Users/kingsley/Downloads/data/raw/Nikko_Boy/video2/7384250082943683883-00003_00001.wav,Nikko_Boy,video2,train
/Users/kingsley/Downloads/data/raw/Nikko_Boy/video3/7234496593804692782-00000_00000.wav,Nikko_Boy,video3,train
/Users/kingsley/Downloads/data/raw/Nikko_Boy/video3/7234496593804692782-00001_00000.wav,Nikko_Boy,video3,train
/Users/kingsley/Downloads/data/raw/Nikko_Boy/video3/7234496593804692782-00001_00001.wav,Nikko_Boy,video3,train
/Users/kingsley/Downloads/data/raw/Nikko_Boy/video3/7234496593804692782-00001_00002.wav,Nikko_Boy,video3,train
/Users/kingsley/Downloads/data/raw/Nikko_Boy/video3/7234496593804692782-00001_00003.wav,Nikko_Boy,video3,train
/Users/kingsley/Downloads/data/raw/Nikko_Boy/video3/7234496593804692782-00002_00000.wav,Nikko_Boy,video3,train
/Users/kingsley/Downloads/data/raw/Nikko_Boy/video3/7234496593804692782-00003_00000.wav,Nikko_Boy,video3,train
/Users/kingsley/Downloads/data/raw/Nikko_Boy/video3/7234496593804692782-00003_00001.wav,Nikko_Boy,video3,train
/Users/kingsley/Downloads/data/raw/Nikko_Boy/video3/7234496593804692782-00003_00002.wav,Nikko_Boy,video3,train
/Users/kingsley/Downloads/data/raw/Nikko_Boy/video3/7234496593804692782-00003_00003.wav,Nikko_Boy,video3,train
/Users/kingsley/Downloads/data/raw/Nikko_Boy/video3/7234496593804692782-00003_00004.wav,Nikko_Boy,video3,train
/Users/kingsley/Downloads/data/raw/Nikko_Boy/video3/7234496593804692782-00003_00005.wav,Nikko_Boy,video3,train
/Users/kingsley/Downloads/data/raw/Nikko_Boy/video4/7414666555587349802-00000_00000.wav,Nikko_Boy,video4,test
/Users/kingsley/Downloads/data/raw/Nikko_Boy/video4/7414666555587349802-00001_00000.wav,Nikko_Boy,video4,test
/Users/kingsley/Downloads/data/raw/Nikko_Boy/video4/7414666555587349802-00001_00001.wav,Nikko_Boy,video4,test
/Users/kingsley/Downloads/data/raw/Nikko_Boy/video4/7414666555587349802-00001_00002.wav,Nikko_Boy,video4,test
/Users/kingsley/Downloads/data/raw/Nikko_Boy/video4/7414666555587349802-00001_00003.wav,Nikko_Boy,video4,test
/Users/kingsley/Downloads/data/raw/Nikko_Boy/video4/7414666555587349802-00001_00004.wav,Nikko_Boy,video4,test
/Users/kingsley/Downloads/data/raw/Nikko_Boy/video4/7414666555587349802-00001_00005.wav,Nikko_Boy,video4,test
/Users/kingsley/Downloads/data/raw/Nikko_Boy/video4/7414666555587349802-00002_00000.wav,Nikko_Boy,video4,test
/Users/kingsley/Downloads/data/raw/North_Yuki_Husky/video1/UCI4kRDlYe8OAZyfUFzVBFrA+FDatunblQNg+00000+00000.wav,North_Yuki_Husky,video1,train
/Users/kingsley/Downloads/data/raw/North_Yuki_Husky/video1/UCI4kRDlYe8OAZyfUFzVBFrA+FDatunblQNg+00001+00000.wav,North_Yuki_Husky,video1,train
/Users/kingsley/Downloads/data/raw/North_Yuki_Husky/video1/UCI4kRDlYe8OAZyfUFzVBFrA+FDatunblQNg+00001+00001.wav,North_Yuki_Husky,video1,train
/Users/kingsley/Downloads/data/raw/North_Yuki_Husky/video1/UCI4kRDlYe8OAZyfUFzVBFrA+FDatunblQNg+00002+00000.wav,North_Yuki_Husky,video1,train
/Users/kingsley/Downloads/data/raw/North_Yuki_Husky/video1/UCI4kRDlYe8OAZyfUFzVBFrA+FDatunblQNg+00002+00001.wav,North_Yuki_Husky,video1,train
/Users/kingsley/Downloads/data/raw/North_Yuki_Husky/video1/UCI4kRDlYe8OAZyfUFzVBFrA+FDatunblQNg+00002+00002.wav,North_Yuki_Husky,video1,train
/Users/kingsley/Downloads/data/raw/North_Yuki_Husky/video2/UCI4kRDlYe8OAZyfUFzVBFrA+Fy-ySpehXbw+00000+00000.wav,North_Yuki_Husky,video2,train
/Users/kingsley/Downloads/data/raw/North_Yuki_Husky/video2/UCI4kRDlYe8OAZyfUFzVBFrA+Fy-ySpehXbw+00001+00000.wav,North_Yuki_Husky,video2,train
/Users/kingsley/Downloads/data/raw/North_Yuki_Husky/video2/UCI4kRDlYe8OAZyfUFzVBFrA+Fy-ySpehXbw+00002+00000.wav,North_Yuki_Husky,video2,train
/Users/kingsley/Downloads/data/raw/North_Yuki_Husky/video2/UCI4kRDlYe8OAZyfUFzVBFrA+Fy-ySpehXbw+00004+00000.wav,North_Yuki_Husky,video2,train
/Users/kingsley/Downloads/data/raw/North_Yuki_Husky/video2/UCI4kRDlYe8OAZyfUFzVBFrA+Fy-ySpehXbw+00004+00001.wav,North_Yuki_Husky,video2,train
/Users/kingsley/Downloads/data/raw/North_Yuki_Husky/video2/UCI4kRDlYe8OAZyfUFzVBFrA+Fy-ySpehXbw+00005+00000.wav,North_Yuki_Husky,video2,train
/Users/kingsley/Downloads/data/raw/North_Yuki_Husky/video2/UCI4kRDlYe8OAZyfUFzVBFrA+Fy-ySpehXbw+00005+00001.wav,North_Yuki_Husky,video2,train
/Users/kingsley/Downloads/data/raw/North_Yuki_Husky/video2/UCI4kRDlYe8OAZyfUFzVBFrA+Fy-ySpehXbw+00006+00000.wav,North_Yuki_Husky,video2,train
/Users/kingsley/Downloads/data/raw/North_Yuki_Husky/video2/UCI4kRDlYe8OAZyfUFzVBFrA+Fy-ySpehXbw+00006+00001.wav,North_Yuki_Husky,video2,train
/Users/kingsley/Downloads/data/raw/North_Yuki_Husky/video2/UCI4kRDlYe8OAZyfUFzVBFrA+Fy-ySpehXbw+00006+00002.wav,North_Yuki_Husky,video2,train
/Users/kingsley/Downloads/data/raw/North_Yuki_Husky/video2/UCI4kRDlYe8OAZyfUFzVBFrA+Fy-ySpehXbw+00006+00003.wav,North_Yuki_Husky,video2,train
/Users/kingsley/Downloads/data/raw/North_Yuki_Husky/video2/UCI4kRDlYe8OAZyfUFzVBFrA+Fy-ySpehXbw+00006+00004.wav,North_Yuki_Husky,video2,train
/Users/kingsley/Downloads/data/raw/North_Yuki_Husky/video2/UCI4kRDlYe8OAZyfUFzVBFrA+Fy-ySpehXbw+00007+00000.wav,North_Yuki_Husky,video2,train
/Users/kingsley/Downloads/data/raw/North_Yuki_Husky/video3/UCI4kRDlYe8OAZyfUFzVBFrA+wMX0hzJeFYk+00000+00000.wav,North_Yuki_Husky,video3,train
/Users/kingsley/Downloads/data/raw/North_Yuki_Husky/video3/UCI4kRDlYe8OAZyfUFzVBFrA+wMX0hzJeFYk+00001+00000.wav,North_Yuki_Husky,video3,train
/Users/kingsley/Downloads/data/raw/North_Yuki_Husky/video3/UCI4kRDlYe8OAZyfUFzVBFrA+wMX0hzJeFYk+00002+00000.wav,North_Yuki_Husky,video3,train
/Users/kingsley/Downloads/data/raw/North_Yuki_Husky/video3/UCI4kRDlYe8OAZyfUFzVBFrA+wMX0hzJeFYk+00003+00000.wav,North_Yuki_Husky,video3,train
/Users/kingsley/Downloads/data/raw/North_Yuki_Husky/video3/UCI4kRDlYe8OAZyfUFzVBFrA+wMX0hzJeFYk+00003+00001.wav,North_Yuki_Husky,video3,train
/Users/kingsley/Downloads/data/raw/North_Yuki_Husky/video4/UCI4kRDlYe8OAZyfUFzVBFrA+-yincGojJjM+00000+00000.wav,North_Yuki_Husky,video4,test
/Users/kingsley/Downloads/data/raw/North_Yuki_Husky/video4/UCI4kRDlYe8OAZyfUFzVBFrA+-yincGojJjM+00000+00001.wav,North_Yuki_Husky,video4,test
/Users/kingsley/Downloads/data/raw/North_Yuki_Husky/video4/UCI4kRDlYe8OAZyfUFzVBFrA+-yincGojJjM+00000+00002.wav,North_Yuki_Husky,video4,test
/Users/kingsley/Downloads/data/raw/North_Yuki_Husky/video4/UCI4kRDlYe8OAZyfUFzVBFrA+-yincGojJjM+00001+00000.wav,North_Yuki_Husky,video4,test
/Users/kingsley/Downloads/data/raw/North_Yuki_Husky/video4/UCI4kRDlYe8OAZyfUFzVBFrA+-yincGojJjM+00001+00001.wav,North_Yuki_Husky,video4,test
/Users/kingsley/Downloads/data/raw/North_Yuki_Husky/video4/UCI4kRDlYe8OAZyfUFzVBFrA+-yincGojJjM+00002+00000.wav,North_Yuki_Husky,video4,test
/Users/kingsley/Downloads/data/raw/North_Yuki_Husky/video4/UCI4kRDlYe8OAZyfUFzVBFrA+-yincGojJjM+00002+00001.wav,North_Yuki_Husky,video4,test
/Users/kingsley/Downloads/data/raw/North_Yuki_Husky/video4/UCI4kRDlYe8OAZyfUFzVBFrA+-yincGojJjM+00002+00002.wav,North_Yuki_Husky,video4,test
/Users/kingsley/Downloads/data/raw/North_Yuki_Husky/video4/UCI4kRDlYe8OAZyfUFzVBFrA+-yincGojJjM+00002+00003.wav,North_Yuki_Husky,video4,test
/Users/kingsley/Downloads/data/raw/North_Yuki_Husky/video4/UCI4kRDlYe8OAZyfUFzVBFrA+-yincGojJjM+00002+00004.wav,North_Yuki_Husky,video4,test
/Users/kingsley/Downloads/data/raw/Percy_The_Pitbull/video1/UCeB2d426Tj2KSshLYWrrOkg+qrwUaYikKUc+00002+00000.wav,Percy_The_Pitbull,video1,train
/Users/kingsley/Downloads/data/raw/Percy_The_Pitbull/video1/UCeB2d426Tj2KSshLYWrrOkg+qrwUaYikKUc+00002+00001.wav,Percy_The_Pitbull,video1,train
/Users/kingsley/Downloads/data/raw/Percy_The_Pitbull/video1/UCeB2d426Tj2KSshLYWrrOkg+qrwUaYikKUc+00003+00000.wav,Percy_The_Pitbull,video1,train
/Users/kingsley/Downloads/data/raw/Percy_The_Pitbull/video1/UCeB2d426Tj2KSshLYWrrOkg+qrwUaYikKUc+00005+00000.wav,Percy_The_Pitbull,video1,train
/Users/kingsley/Downloads/data/raw/Percy_The_Pitbull/video2/UCeB2d426Tj2KSshLYWrrOkg+tdIXmEBxVKg+00000+00000.wav,Percy_The_Pitbull,video2,train
/Users/kingsley/Downloads/data/raw/Percy_The_Pitbull/video2/UCeB2d426Tj2KSshLYWrrOkg+tdIXmEBxVKg+00001+00000.wav,Percy_The_Pitbull,video2,train
/Users/kingsley/Downloads/data/raw/Percy_The_Pitbull/video2/UCeB2d426Tj2KSshLYWrrOkg+tdIXmEBxVKg+00002+00000.wav,Percy_The_Pitbull,video2,train
/Users/kingsley/Downloads/data/raw/Percy_The_Pitbull/video3/UCeB2d426Tj2KSshLYWrrOkg+O9WOW6GyoRM+00001+00000.wav,Percy_The_Pitbull,video3,train
/Users/kingsley/Downloads/data/raw/Percy_The_Pitbull/video3/UCeB2d426Tj2KSshLYWrrOkg+O9WOW6GyoRM+00001+00001.wav,Percy_The_Pitbull,video3,train
/Users/kingsley/Downloads/data/raw/Percy_The_Pitbull/video3/UCeB2d426Tj2KSshLYWrrOkg+O9WOW6GyoRM+00002+00000.wav,Percy_The_Pitbull,video3,train
/Users/kingsley/Downloads/data/raw/Percy_The_Pitbull/video4/UCeB2d426Tj2KSshLYWrrOkg+0Sjs5TREBtg+00000+00000.wav,Percy_The_Pitbull,video4,test
/Users/kingsley/Downloads/data/raw/Percy_The_Pitbull/video4/UCeB2d426Tj2KSshLYWrrOkg+0Sjs5TREBtg+00001+00000.wav,Percy_The_Pitbull,video4,test
/Users/kingsley/Downloads/data/raw/Percy_The_Pitbull/video4/UCeB2d426Tj2KSshLYWrrOkg+0Sjs5TREBtg+00001+00001.wav,Percy_The_Pitbull,video4,test
/Users/kingsley/Downloads/data/raw/Percy_The_Pitbull/video4/UCeB2d426Tj2KSshLYWrrOkg+0Sjs5TREBtg+00002+00000.wav,Percy_The_Pitbull,video4,test
/Users/kingsley/Downloads/data/raw/Percy_The_Pitbull/video4/UCeB2d426Tj2KSshLYWrrOkg+0Sjs5TREBtg+00003+00000.wav,Percy_The_Pitbull,video4,test
/Users/kingsley/Downloads/data/raw/Percy_The_Pitbull/video4/UCeB2d426Tj2KSshLYWrrOkg+0Sjs5TREBtg+00004+00000.wav,Percy_The_Pitbull,video4,test
/Users/kingsley/Downloads/data/raw/Percy_The_Pitbull/video4/UCeB2d426Tj2KSshLYWrrOkg+0Sjs5TREBtg+00005+00000.wav,Percy_The_Pitbull,video4,test
/Users/kingsley/Downloads/data/raw/Percy_The_Pitbull/video4/UCeB2d426Tj2KSshLYWrrOkg+0Sjs5TREBtg+00006+00000.wav,Percy_The_Pitbull,video4,test
/Users/kingsley/Downloads/data/raw/Pluto/video1/7354824513520995627-00000_00000.wav,Pluto,video1,train
/Users/kingsley/Downloads/data/raw/Pluto/video1/7354824513520995627-00000_00001.wav,Pluto,video1,train
/Users/kingsley/Downloads/data/raw/Pluto/video1/7354824513520995627-00001_00000.wav,Pluto,video1,train
/Users/kingsley/Downloads/data/raw/Pluto/video1/7354824513520995627-00001_00001.wav,Pluto,video1,train
/Users/kingsley/Downloads/data/raw/Pluto/video1/7354824513520995627-00001_00002.wav,Pluto,video1,train
/Users/kingsley/Downloads/data/raw/Pluto/video1/7354824513520995627-00001_00003.wav,Pluto,video1,train
/Users/kingsley/Downloads/data/raw/Pluto/video2/7376285804705926443-00000_00000.wav,Pluto,video2,train
/Users/kingsley/Downloads/data/raw/Pluto/video2/7376285804705926443-00001_00000.wav,Pluto,video2,train
/Users/kingsley/Downloads/data/raw/Pluto/video2/7376285804705926443-00002_00000.wav,Pluto,video2,train
/Users/kingsley/Downloads/data/raw/Pluto/video2/7376285804705926443-00002_00001.wav,Pluto,video2,train
/Users/kingsley/Downloads/data/raw/Pluto/video2/7376285804705926443-00002_00002.wav,Pluto,video2,train
/Users/kingsley/Downloads/data/raw/Pluto/video2/7376285804705926443-00002_00003.wav,Pluto,video2,train
/Users/kingsley/Downloads/data/raw/Pluto/video2/7376285804705926443-00003_00000.wav,Pluto,video2,train
/Users/kingsley/Downloads/data/raw/Pluto/video2/7376285804705926443-00003_00001.wav,Pluto,video2,train
/Users/kingsley/Downloads/data/raw/Pluto/video2/7376285804705926443-00003_00002.wav,Pluto,video2,train
/Users/kingsley/Downloads/data/raw/Pluto/video2/7376285804705926443-00004_00000.wav,Pluto,video2,train
/Users/kingsley/Downloads/data/raw/Pluto/video2/7376285804705926443-00004_00001.wav,Pluto,video2,train
/Users/kingsley/Downloads/data/raw/Pluto/video2/7376285804705926443-00005_00000.wav,Pluto,video2,train
/Users/kingsley/Downloads/data/raw/Pluto/video3/7414907996301495582-00000_00000.wav,Pluto,video3,train
/Users/kingsley/Downloads/data/raw/Pluto/video3/7414907996301495582-00000_00001.wav,Pluto,video3,train
/Users/kingsley/Downloads/data/raw/Pluto/video3/7414907996301495582-00000_00002.wav,Pluto,video3,train
/Users/kingsley/Downloads/data/raw/Pluto/video3/7414907996301495582-00000_00003.wav,Pluto,video3,train
/Users/kingsley/Downloads/data/raw/Pluto/video3/7414907996301495582-00001_00000.wav,Pluto,video3,train
/Users/kingsley/Downloads/data/raw/Pluto/video3/7414907996301495582-00002_00000.wav,Pluto,video3,train
/Users/kingsley/Downloads/data/raw/Pluto/video3/7414907996301495582-00002_00001.wav,Pluto,video3,train
/Users/kingsley/Downloads/data/raw/Pluto/video3/7414907996301495582-00002_00002.wav,Pluto,video3,train
/Users/kingsley/Downloads/data/raw/Pluto/video3/7414907996301495582-00002_00003.wav,Pluto,video3,train
/Users/kingsley/Downloads/data/raw/Pluto/video3/7414907996301495582-00003_00000.wav,Pluto,video3,train
/Users/kingsley/Downloads/data/raw/Pluto/video4/7399694409421294879-00000_00000.wav,Pluto,video4,test
/Users/kingsley/Downloads/data/raw/Pluto/video4/7399694409421294879-00001_00000.wav,Pluto,video4,test
/Users/kingsley/Downloads/data/raw/Pluto/video4/7399694409421294879-00002_00000.wav,Pluto,video4,test
/Users/kingsley/Downloads/data/raw/Pluto/video4/7399694409421294879-00003_00000.wav,Pluto,video4,test
/Users/kingsley/Downloads/data/raw/Pluto/video4/7399694409421294879-00003_00001.wav,Pluto,video4,test
/Users/kingsley/Downloads/data/raw/Pluto/video4/7399694409421294879-00004_00000.wav,Pluto,video4,test
/Users/kingsley/Downloads/data/raw/Queen_Chi/video1/7303979109925850411-00000_00000.wav,Queen_Chi,video1,train
/Users/kingsley/Downloads/data/raw/Queen_Chi/video1/7303979109925850411-00000_00001.wav,Queen_Chi,video1,train
/Users/kingsley/Downloads/data/raw/Queen_Chi/video1/7303979109925850411-00000_00002.wav,Queen_Chi,video1,train
/Users/kingsley/Downloads/data/raw/Queen_Chi/video1/7303979109925850411-00000_00003.wav,Queen_Chi,video1,train
/Users/kingsley/Downloads/data/raw/Queen_Chi/video1/7303979109925850411-00000_00004.wav,Queen_Chi,video1,train
/Users/kingsley/Downloads/data/raw/Queen_Chi/video1/7303979109925850411-00000_00005.wav,Queen_Chi,video1,train
/Users/kingsley/Downloads/data/raw/Queen_Chi/video2/7076229095385812266-00000_00000.wav,Queen_Chi,video2,train
/Users/kingsley/Downloads/data/raw/Queen_Chi/video2/7076229095385812266-00000_00001.wav,Queen_Chi,video2,train
/Users/kingsley/Downloads/data/raw/Queen_Chi/video2/7076229095385812266-00000_00002.wav,Queen_Chi,video2,train
/Users/kingsley/Downloads/data/raw/Queen_Chi/video2/7076229095385812266-00000_00003.wav,Queen_Chi,video2,train
/Users/kingsley/Downloads/data/raw/Queen_Chi/video2/7076229095385812266-00000_00004.wav,Queen_Chi,video2,train
/Users/kingsley/Downloads/data/raw/Queen_Chi/video2/7076229095385812266-00000_00005.wav,Queen_Chi,video2,train
/Users/kingsley/Downloads/data/raw/Queen_Chi/video2/7076229095385812266-00000_00006.wav,Queen_Chi,video2,train
/Users/kingsley/Downloads/data/raw/Queen_Chi/video2/7076229095385812266-00000_00007.wav,Queen_Chi,video2,train
/Users/kingsley/Downloads/data/raw/Queen_Chi/video2/7076229095385812266-00000_00008.wav,Queen_Chi,video2,train
/Users/kingsley/Downloads/data/raw/Queen_Chi/video2/7076229095385812266-00000_00009.wav,Queen_Chi,video2,train
/Users/kingsley/Downloads/data/raw/Queen_Chi/video2/7076229095385812266-00000_00010.wav,Queen_Chi,video2,train
/Users/kingsley/Downloads/data/raw/Queen_Chi/video2/7076229095385812266-00000_00011.wav,Queen_Chi,video2,train
/Users/kingsley/Downloads/data/raw/Queen_Chi/video2/7076229095385812266-00000_00012.wav,Queen_Chi,video2,train
/Users/kingsley/Downloads/data/raw/Queen_Chi/video2/7076229095385812266-00000_00013.wav,Queen_Chi,video2,train
/Users/kingsley/Downloads/data/raw/Queen_Chi/video3/7083869378969865518-00000_00000.wav,Queen_Chi,video3,train
/Users/kingsley/Downloads/data/raw/Queen_Chi/video3/7083869378969865518-00000_00001.wav,Queen_Chi,video3,train
/Users/kingsley/Downloads/data/raw/Queen_Chi/video3/7083869378969865518-00000_00002.wav,Queen_Chi,video3,train
/Users/kingsley/Downloads/data/raw/Queen_Chi/video3/7083869378969865518-00000_00003.wav,Queen_Chi,video3,train
/Users/kingsley/Downloads/data/raw/Queen_Chi/video3/7083869378969865518-00000_00004.wav,Queen_Chi,video3,train
/Users/kingsley/Downloads/data/raw/Queen_Chi/video3/7083869378969865518-00000_00005.wav,Queen_Chi,video3,train
/Users/kingsley/Downloads/data/raw/Queen_Chi/video4/7050264147925241093-00000_00000.wav,Queen_Chi,video4,test
/Users/kingsley/Downloads/data/raw/Queen_Chi/video4/7050264147925241093-00000_00001.wav,Queen_Chi,video4,test
/Users/kingsley/Downloads/data/raw/Queen_Chi/video4/7050264147925241093-00000_00002.wav,Queen_Chi,video4,test
/Users/kingsley/Downloads/data/raw/Queen_Chi/video4/7050264147925241093-00000_00003.wav,Queen_Chi,video4,test
/Users/kingsley/Downloads/data/raw/Queen_Chi/video4/7050264147925241093-00000_00004.wav,Queen_Chi,video4,test
/Users/kingsley/Downloads/data/raw/Queen_Chi/video4/7050264147925241093-00000_00005.wav,Queen_Chi,video4,test
/Users/kingsley/Downloads/data/raw/Queen_Chi/video4/7050264147925241093-00000_00006.wav,Queen_Chi,video4,test
/Users/kingsley/Downloads/data/raw/Queen_Chi/video4/7050264147925241093-00001_00000.wav,Queen_Chi,video4,test
/Users/kingsley/Downloads/data/raw/Queen_Chi/video4/7050264147925241093-00001_00001.wav,Queen_Chi,video4,test
/Users/kingsley/Downloads/data/raw/Queen_Chi/video4/7050264147925241093-00002_00000.wav,Queen_Chi,video4,test
/Users/kingsley/Downloads/data/raw/Queen_Chi/video4/7050264147925241093-00002_00001.wav,Queen_Chi,video4,test
/Users/kingsley/Downloads/data/raw/Queen_Chi/video4/7050264147925241093-00003_00000.wav,Queen_Chi,video4,test
/Users/kingsley/Downloads/data/raw/Ragnar_Pitbull/video1/UCS0ig8fk8oaLMHvOo1TAqig+4i9sSmBSgQY+00003+00000.wav,Ragnar_Pitbull,video1,train
/Users/kingsley/Downloads/data/raw/Ragnar_Pitbull/video1/UCS0ig8fk8oaLMHvOo1TAqig+4i9sSmBSgQY+00005+00000.wav,Ragnar_Pitbull,video1,train
/Users/kingsley/Downloads/data/raw/Ragnar_Pitbull/video1/UCS0ig8fk8oaLMHvOo1TAqig+4i9sSmBSgQY+00005+00001.wav,Ragnar_Pitbull,video1,train
/Users/kingsley/Downloads/data/raw/Ragnar_Pitbull/video1/UCS0ig8fk8oaLMHvOo1TAqig+4i9sSmBSgQY+00005+00002.wav,Ragnar_Pitbull,video1,train
/Users/kingsley/Downloads/data/raw/Ragnar_Pitbull/video1/UCS0ig8fk8oaLMHvOo1TAqig+4i9sSmBSgQY+00006+00000.wav,Ragnar_Pitbull,video1,train
/Users/kingsley/Downloads/data/raw/Ragnar_Pitbull/video2/UCS0ig8fk8oaLMHvOo1TAqig+z1UEOUvb25U+00000+00000.wav,Ragnar_Pitbull,video2,train
/Users/kingsley/Downloads/data/raw/Ragnar_Pitbull/video2/UCS0ig8fk8oaLMHvOo1TAqig+z1UEOUvb25U+00001+00000.wav,Ragnar_Pitbull,video2,train
/Users/kingsley/Downloads/data/raw/Ragnar_Pitbull/video2/UCS0ig8fk8oaLMHvOo1TAqig+z1UEOUvb25U+00002+00000.wav,Ragnar_Pitbull,video2,train
/Users/kingsley/Downloads/data/raw/Ragnar_Pitbull/video2/UCS0ig8fk8oaLMHvOo1TAqig+z1UEOUvb25U+00002+00001.wav,Ragnar_Pitbull,video2,train
/Users/kingsley/Downloads/data/raw/Ragnar_Pitbull/video2/UCS0ig8fk8oaLMHvOo1TAqig+z1UEOUvb25U+00003+00000.wav,Ragnar_Pitbull,video2,train
/Users/kingsley/Downloads/data/raw/Ragnar_Pitbull/video2/UCS0ig8fk8oaLMHvOo1TAqig+z1UEOUvb25U+00003+00001.wav,Ragnar_Pitbull,video2,train
/Users/kingsley/Downloads/data/raw/Ragnar_Pitbull/video2/UCS0ig8fk8oaLMHvOo1TAqig+z1UEOUvb25U+00003+00002.wav,Ragnar_Pitbull,video2,train
/Users/kingsley/Downloads/data/raw/Ragnar_Pitbull/video2/UCS0ig8fk8oaLMHvOo1TAqig+z1UEOUvb25U+00003+00003.wav,Ragnar_Pitbull,video2,train
/Users/kingsley/Downloads/data/raw/Ragnar_Pitbull/video2/UCS0ig8fk8oaLMHvOo1TAqig+z1UEOUvb25U+00003+00004.wav,Ragnar_Pitbull,video2,train
/Users/kingsley/Downloads/data/raw/Ragnar_Pitbull/video2/UCS0ig8fk8oaLMHvOo1TAqig+z1UEOUvb25U+00004+00000.wav,Ragnar_Pitbull,video2,train
/Users/kingsley/Downloads/data/raw/Ragnar_Pitbull/video2/UCS0ig8fk8oaLMHvOo1TAqig+z1UEOUvb25U+00005+00000.wav,Ragnar_Pitbull,video2,train
/Users/kingsley/Downloads/data/raw/Ragnar_Pitbull/video2/UCS0ig8fk8oaLMHvOo1TAqig+z1UEOUvb25U+00005+00001.wav,Ragnar_Pitbull,video2,train
/Users/kingsley/Downloads/data/raw/Ragnar_Pitbull/video2/UCS0ig8fk8oaLMHvOo1TAqig+z1UEOUvb25U+00006+00000.wav,Ragnar_Pitbull,video2,train
/Users/kingsley/Downloads/data/raw/Ragnar_Pitbull/video2/UCS0ig8fk8oaLMHvOo1TAqig+z1UEOUvb25U+00006+00001.wav,Ragnar_Pitbull,video2,train
/Users/kingsley/Downloads/data/raw/Ragnar_Pitbull/video2/UCS0ig8fk8oaLMHvOo1TAqig+z1UEOUvb25U+00006+00002.wav,Ragnar_Pitbull,video2,train
/Users/kingsley/Downloads/data/raw/Ragnar_Pitbull/video3/UCS0ig8fk8oaLMHvOo1TAqig+vNOj6Szmeuk+00000+00000.wav,Ragnar_Pitbull,video3,train
/Users/kingsley/Downloads/data/raw/Ragnar_Pitbull/video3/UCS0ig8fk8oaLMHvOo1TAqig+vNOj6Szmeuk+00001+00000.wav,Ragnar_Pitbull,video3,train
/Users/kingsley/Downloads/data/raw/Ragnar_Pitbull/video3/UCS0ig8fk8oaLMHvOo1TAqig+vNOj6Szmeuk+00001+00001.wav,Ragnar_Pitbull,video3,train
/Users/kingsley/Downloads/data/raw/Ragnar_Pitbull/video3/UCS0ig8fk8oaLMHvOo1TAqig+vNOj6Szmeuk+00001+00002.wav,Ragnar_Pitbull,video3,train
/Users/kingsley/Downloads/data/raw/Ragnar_Pitbull/video3/UCS0ig8fk8oaLMHvOo1TAqig+vNOj6Szmeuk+00002+00000.wav,Ragnar_Pitbull,video3,train
/Users/kingsley/Downloads/data/raw/Ragnar_Pitbull/video3/UCS0ig8fk8oaLMHvOo1TAqig+vNOj6Szmeuk+00002+00001.wav,Ragnar_Pitbull,video3,train
/Users/kingsley/Downloads/data/raw/Ragnar_Pitbull/video3/UCS0ig8fk8oaLMHvOo1TAqig+vNOj6Szmeuk+00003+00000.wav,Ragnar_Pitbull,video3,train
/Users/kingsley/Downloads/data/raw/Ragnar_Pitbull/video3/UCS0ig8fk8oaLMHvOo1TAqig+vNOj6Szmeuk+00004+00000.wav,Ragnar_Pitbull,video3,train
/Users/kingsley/Downloads/data/raw/Ragnar_Pitbull/video3/UCS0ig8fk8oaLMHvOo1TAqig+vNOj6Szmeuk+00004+00001.wav,Ragnar_Pitbull,video3,train
/Users/kingsley/Downloads/data/raw/Ragnar_Pitbull/video3/UCS0ig8fk8oaLMHvOo1TAqig+vNOj6Szmeuk+00004+00002.wav,Ragnar_Pitbull,video3,train
/Users/kingsley/Downloads/data/raw/Ragnar_Pitbull/video3/UCS0ig8fk8oaLMHvOo1TAqig+vNOj6Szmeuk+00005+00000.wav,Ragnar_Pitbull,video3,train
/Users/kingsley/Downloads/data/raw/Ragnar_Pitbull/video3/UCS0ig8fk8oaLMHvOo1TAqig+vNOj6Szmeuk+00005+00001.wav,Ragnar_Pitbull,video3,train
/Users/kingsley/Downloads/data/raw/Ragnar_Pitbull/video3/UCS0ig8fk8oaLMHvOo1TAqig+vNOj6Szmeuk+00005+00002.wav,Ragnar_Pitbull,video3,train
/Users/kingsley/Downloads/data/raw/Ragnar_Pitbull/video3/UCS0ig8fk8oaLMHvOo1TAqig+vNOj6Szmeuk+00006+00000.wav,Ragnar_Pitbull,video3,train
/Users/kingsley/Downloads/data/raw/Ragnar_Pitbull/video4/UCS0ig8fk8oaLMHvOo1TAqig+9T2mWlZqS1E+00000+00000.wav,Ragnar_Pitbull,video4,test
/Users/kingsley/Downloads/data/raw/Ragnar_Pitbull/video4/UCS0ig8fk8oaLMHvOo1TAqig+9T2mWlZqS1E+00001+00000.wav,Ragnar_Pitbull,video4,test
/Users/kingsley/Downloads/data/raw/Ragnar_Pitbull/video4/UCS0ig8fk8oaLMHvOo1TAqig+9T2mWlZqS1E+00003+00000.wav,Ragnar_Pitbull,video4,test
/Users/kingsley/Downloads/data/raw/Ragnar_Pitbull/video4/UCS0ig8fk8oaLMHvOo1TAqig+9T2mWlZqS1E+00003+00001.wav,Ragnar_Pitbull,video4,test
/Users/kingsley/Downloads/data/raw/Ragnar_Pitbull/video4/UCS0ig8fk8oaLMHvOo1TAqig+9T2mWlZqS1E+00003+00002.wav,Ragnar_Pitbull,video4,test
/Users/kingsley/Downloads/data/raw/Ragnar_Pitbull/video4/UCS0ig8fk8oaLMHvOo1TAqig+9T2mWlZqS1E+00004+00000.wav,Ragnar_Pitbull,video4,test
/Users/kingsley/Downloads/data/raw/Ragnar_Pitbull/video4/UCS0ig8fk8oaLMHvOo1TAqig+9T2mWlZqS1E+00004+00001.wav,Ragnar_Pitbull,video4,test
/Users/kingsley/Downloads/data/raw/Rascal_the_talking_dog☺️💕/video1/7388767173956832558-00000_00000.wav,Rascal_the_talking_dog☺️💕,video1,train
/Users/kingsley/Downloads/data/raw/Rascal_the_talking_dog☺️💕/video1/7388767173956832558-00001_00000.wav,Rascal_the_talking_dog☺️💕,video1,train
/Users/kingsley/Downloads/data/raw/Rascal_the_talking_dog☺️💕/video1/7388767173956832558-00001_00001.wav,Rascal_the_talking_dog☺️💕,video1,train
/Users/kingsley/Downloads/data/raw/Rascal_the_talking_dog☺️💕/video1/7388767173956832558-00002_00000.wav,Rascal_the_talking_dog☺️💕,video1,train
/Users/kingsley/Downloads/data/raw/Rascal_the_talking_dog☺️💕/video1/7388767173956832558-00003_00000.wav,Rascal_the_talking_dog☺️💕,video1,train
/Users/kingsley/Downloads/data/raw/Rascal_the_talking_dog☺️💕/video1/7388767173956832558-00003_00001.wav,Rascal_the_talking_dog☺️💕,video1,train
/Users/kingsley/Downloads/data/raw/Rascal_the_talking_dog☺️💕/video1/7388767173956832558-00004_00000.wav,Rascal_the_talking_dog☺️💕,video1,train
/Users/kingsley/Downloads/data/raw/Rascal_the_talking_dog☺️💕/video1/7388767173956832558-00004_00001.wav,Rascal_the_talking_dog☺️💕,video1,train
/Users/kingsley/Downloads/data/raw/Rascal_the_talking_dog☺️💕/video1/7388767173956832558-00004_00002.wav,Rascal_the_talking_dog☺️💕,video1,train
/Users/kingsley/Downloads/data/raw/Rascal_the_talking_dog☺️💕/video1/7388767173956832558-00004_00003.wav,Rascal_the_talking_dog☺️💕,video1,train
/Users/kingsley/Downloads/data/raw/Rascal_the_talking_dog☺️💕/video1/7388767173956832558-00005_00000.wav,Rascal_the_talking_dog☺️💕,video1,train
/Users/kingsley/Downloads/data/raw/Rascal_the_talking_dog☺️💕/video1/7388767173956832558-00005_00001.wav,Rascal_the_talking_dog☺️💕,video1,train
/Users/kingsley/Downloads/data/raw/Rascal_the_talking_dog☺️💕/video1/7388767173956832558-00006_00000.wav,Rascal_the_talking_dog☺️💕,video1,train
/Users/kingsley/Downloads/data/raw/Rascal_the_talking_dog☺️💕/video2/7401916805922573614-00000_00000.wav,Rascal_the_talking_dog☺️💕,video2,train
/Users/kingsley/Downloads/data/raw/Rascal_the_talking_dog☺️💕/video2/7401916805922573614-00000_00001.wav,Rascal_the_talking_dog☺️💕,video2,train
/Users/kingsley/Downloads/data/raw/Rascal_the_talking_dog☺️💕/video2/7401916805922573614-00000_00002.wav,Rascal_the_talking_dog☺️💕,video2,train
/Users/kingsley/Downloads/data/raw/Rascal_the_talking_dog☺️💕/video2/7401916805922573614-00001_00000.wav,Rascal_the_talking_dog☺️💕,video2,train
/Users/kingsley/Downloads/data/raw/Rascal_the_talking_dog☺️💕/video2/7401916805922573614-00002_00000.wav,Rascal_the_talking_dog☺️💕,video2,train
/Users/kingsley/Downloads/data/raw/Rascal_the_talking_dog☺️💕/video2/7401916805922573614-00002_00001.wav,Rascal_the_talking_dog☺️💕,video2,train
/Users/kingsley/Downloads/data/raw/Rascal_the_talking_dog☺️💕/video2/7401916805922573614-00003_00000.wav,Rascal_the_talking_dog☺️💕,video2,train
/Users/kingsley/Downloads/data/raw/Rascal_the_talking_dog☺️💕/video3/7163970960922512686-00000_00000.wav,Rascal_the_talking_dog☺️💕,video3,train
/Users/kingsley/Downloads/data/raw/Rascal_the_talking_dog☺️💕/video3/7163970960922512686-00000_00001.wav,Rascal_the_talking_dog☺️💕,video3,train
/Users/kingsley/Downloads/data/raw/Rascal_the_talking_dog☺️💕/video3/7163970960922512686-00001_00000.wav,Rascal_the_talking_dog☺️💕,video3,train
/Users/kingsley/Downloads/data/raw/Rascal_the_talking_dog☺️💕/video3/7163970960922512686-00002_00000.wav,Rascal_the_talking_dog☺️💕,video3,train
/Users/kingsley/Downloads/data/raw/Rascal_the_talking_dog☺️💕/video3/7163970960922512686-00002_00001.wav,Rascal_the_talking_dog☺️💕,video3,train
/Users/kingsley/Downloads/data/raw/Rascal_the_talking_dog☺️💕/video3/7163970960922512686-00003_00000.wav,Rascal_the_talking_dog☺️💕,video3,train
/Users/kingsley/Downloads/data/raw/Rascal_the_talking_dog☺️💕/video3/7163970960922512686-00003_00001.wav,Rascal_the_talking_dog☺️💕,video3,train
/Users/kingsley/Downloads/data/raw/Rascal_the_talking_dog☺️💕/video3/7163970960922512686-00004_00000.wav,Rascal_the_talking_dog☺️💕,video3,train
/Users/kingsley/Downloads/data/raw/Rascal_the_talking_dog☺️💕/video3/7163970960922512686-00004_00001.wav,Rascal_the_talking_dog☺️💕,video3,train
/Users/kingsley/Downloads/data/raw/Rascal_the_talking_dog☺️💕/video3/7163970960922512686-00004_00002.wav,Rascal_the_talking_dog☺️💕,video3,train
/Users/kingsley/Downloads/data/raw/Rascal_the_talking_dog☺️💕/video3/7163970960922512686-00005_00000.wav,Rascal_the_talking_dog☺️💕,video3,train
/Users/kingsley/Downloads/data/raw/Rascal_the_talking_dog☺️💕/video4/7348297042222910763-00000_00000.wav,Rascal_the_talking_dog☺️💕,video4,test
/Users/kingsley/Downloads/data/raw/Rascal_the_talking_dog☺️💕/video4/7348297042222910763-00001_00000.wav,Rascal_the_talking_dog☺️💕,video4,test
/Users/kingsley/Downloads/data/raw/Rascal_the_talking_dog☺️💕/video4/7348297042222910763-00001_00001.wav,Rascal_the_talking_dog☺️💕,video4,test
/Users/kingsley/Downloads/data/raw/Rascal_the_talking_dog☺️💕/video4/7348297042222910763-00002_00000.wav,Rascal_the_talking_dog☺️💕,video4,test
/Users/kingsley/Downloads/data/raw/Rascal_the_talking_dog☺️💕/video4/7348297042222910763-00003_00000.wav,Rascal_the_talking_dog☺️💕,video4,test
/Users/kingsley/Downloads/data/raw/Rascal_the_talking_dog☺️💕/video4/7348297042222910763-00005_00000.wav,Rascal_the_talking_dog☺️💕,video4,test
/Users/kingsley/Downloads/data/raw/Sassy_Anaya/video1/7006995407393885446-00000_00000.wav,Sassy_Anaya,video1,train
/Users/kingsley/Downloads/data/raw/Sassy_Anaya/video1/7006995407393885446-00000_00001.wav,Sassy_Anaya,video1,train
/Users/kingsley/Downloads/data/raw/Sassy_Anaya/video1/7006995407393885446-00001_00000.wav,Sassy_Anaya,video1,train
/Users/kingsley/Downloads/data/raw/Sassy_Anaya/video1/7006995407393885446-00001_00001.wav,Sassy_Anaya,video1,train
/Users/kingsley/Downloads/data/raw/Sassy_Anaya/video1/7006995407393885446-00002_00000.wav,Sassy_Anaya,video1,train
/Users/kingsley/Downloads/data/raw/Sassy_Anaya/video2/7329700621282463007-00000_00000.wav,Sassy_Anaya,video2,train
/Users/kingsley/Downloads/data/raw/Sassy_Anaya/video2/7329700621282463007-00000_00001.wav,Sassy_Anaya,video2,train
/Users/kingsley/Downloads/data/raw/Sassy_Anaya/video2/7329700621282463007-00001_00000.wav,Sassy_Anaya,video2,train
/Users/kingsley/Downloads/data/raw/Sassy_Anaya/video2/7329700621282463007-00001_00001.wav,Sassy_Anaya,video2,train
/Users/kingsley/Downloads/data/raw/Sassy_Anaya/video2/7329700621282463007-00001_00002.wav,Sassy_Anaya,video2,train
/Users/kingsley/Downloads/data/raw/Sassy_Anaya/video2/7329700621282463007-00002_00000.wav,Sassy_Anaya,video2,train
/Users/kingsley/Downloads/data/raw/Sassy_Anaya/video2/7329700621282463007-00002_00001.wav,Sassy_Anaya,video2,train
/Users/kingsley/Downloads/data/raw/Sassy_Anaya/video3/7207243459814608171-00000_00000.wav,Sassy_Anaya,video3,train
/Users/kingsley/Downloads/data/raw/Sassy_Anaya/video3/7207243459814608171-00000_00001.wav,Sassy_Anaya,video3,train
/Users/kingsley/Downloads/data/raw/Sassy_Anaya/video3/7207243459814608171-00000_00002.wav,Sassy_Anaya,video3,train
/Users/kingsley/Downloads/data/raw/Sassy_Anaya/video3/7207243459814608171-00001_00000.wav,Sassy_Anaya,video3,train
/Users/kingsley/Downloads/data/raw/Sassy_Anaya/video3/7207243459814608171-00001_00001.wav,Sassy_Anaya,video3,train
/Users/kingsley/Downloads/data/raw/Sassy_Anaya/video3/7207243459814608171-00001_00002.wav,Sassy_Anaya,video3,train
/Users/kingsley/Downloads/data/raw/Sassy_Anaya/video3/7207243459814608171-00002_00000.wav,Sassy_Anaya,video3,train
/Users/kingsley/Downloads/data/raw/Sassy_Anaya/video4/7149599656253869358-00000_00000.wav,Sassy_Anaya,video4,test
/Users/kingsley/Downloads/data/raw/Sassy_Anaya/video4/7149599656253869358-00000_00001.wav,Sassy_Anaya,video4,test
/Users/kingsley/Downloads/data/raw/Sassy_Anaya/video4/7149599656253869358-00000_00002.wav,Sassy_Anaya,video4,test
/Users/kingsley/Downloads/data/raw/Sassy_Anaya/video4/7149599656253869358-00000_00003.wav,Sassy_Anaya,video4,test
/Users/kingsley/Downloads/data/raw/Sassy_Anaya/video4/7149599656253869358-00001_00000.wav,Sassy_Anaya,video4,test
/Users/kingsley/Downloads/data/raw/Sassy_Anaya/video4/7149599656253869358-00001_00001.wav,Sassy_Anaya,video4,test
/Users/kingsley/Downloads/data/raw/Sassy_Anaya/video4/7149599656253869358-00002_00000.wav,Sassy_Anaya,video4,test
/Users/kingsley/Downloads/data/raw/Sassy_Anaya/video4/7149599656253869358-00003_00000.wav,Sassy_Anaya,video4,test
/Users/kingsley/Downloads/data/raw/Sassy_Anaya/video4/7149599656253869358-00003_00001.wav,Sassy_Anaya,video4,test
/Users/kingsley/Downloads/data/raw/Shadow_The_Sweetest_Husky/video1/7038031759627341103-00000_00000.wav,Shadow_The_Sweetest_Husky,video1,train
/Users/kingsley/Downloads/data/raw/Shadow_The_Sweetest_Husky/video1/7038031759627341103-00001_00000.wav,Shadow_The_Sweetest_Husky,video1,train
/Users/kingsley/Downloads/data/raw/Shadow_The_Sweetest_Husky/video1/7038031759627341103-00001_00001.wav,Shadow_The_Sweetest_Husky,video1,train
/Users/kingsley/Downloads/data/raw/Shadow_The_Sweetest_Husky/video1/7038031759627341103-00001_00002.wav,Shadow_The_Sweetest_Husky,video1,train
/Users/kingsley/Downloads/data/raw/Shadow_The_Sweetest_Husky/video1/7038031759627341103-00001_00003.wav,Shadow_The_Sweetest_Husky,video1,train
/Users/kingsley/Downloads/data/raw/Shadow_The_Sweetest_Husky/video1/7038031759627341103-00001_00004.wav,Shadow_The_Sweetest_Husky,video1,train
/Users/kingsley/Downloads/data/raw/Shadow_The_Sweetest_Husky/video2/7047876913251028271-00000_00000.wav,Shadow_The_Sweetest_Husky,video2,train
/Users/kingsley/Downloads/data/raw/Shadow_The_Sweetest_Husky/video2/7047876913251028271-00001_00000.wav,Shadow_The_Sweetest_Husky,video2,train
/Users/kingsley/Downloads/data/raw/Shadow_The_Sweetest_Husky/video2/7047876913251028271-00001_00001.wav,Shadow_The_Sweetest_Husky,video2,train
/Users/kingsley/Downloads/data/raw/Shadow_The_Sweetest_Husky/video2/7047876913251028271-00001_00002.wav,Shadow_The_Sweetest_Husky,video2,train
/Users/kingsley/Downloads/data/raw/Shadow_The_Sweetest_Husky/video2/7047876913251028271-00001_00003.wav,Shadow_The_Sweetest_Husky,video2,train
/Users/kingsley/Downloads/data/raw/Shadow_The_Sweetest_Husky/video2/7047876913251028271-00001_00004.wav,Shadow_The_Sweetest_Husky,video2,train
/Users/kingsley/Downloads/data/raw/Shadow_The_Sweetest_Husky/video2/7047876913251028271-00001_00005.wav,Shadow_The_Sweetest_Husky,video2,train
/Users/kingsley/Downloads/data/raw/Shadow_The_Sweetest_Husky/video2/7047876913251028271-00001_00006.wav,Shadow_The_Sweetest_Husky,video2,train
/Users/kingsley/Downloads/data/raw/Shadow_The_Sweetest_Husky/video2/7047876913251028271-00002_00000.wav,Shadow_The_Sweetest_Husky,video2,train
/Users/kingsley/Downloads/data/raw/Shadow_The_Sweetest_Husky/video2/7047876913251028271-00002_00001.wav,Shadow_The_Sweetest_Husky,video2,train
/Users/kingsley/Downloads/data/raw/Shadow_The_Sweetest_Husky/video2/7047876913251028271-00003_00000.wav,Shadow_The_Sweetest_Husky,video2,train
/Users/kingsley/Downloads/data/raw/Shadow_The_Sweetest_Husky/video2/7047876913251028271-00003_00001.wav,Shadow_The_Sweetest_Husky,video2,train
/Users/kingsley/Downloads/data/raw/Shadow_The_Sweetest_Husky/video2/7047876913251028271-00003_00002.wav,Shadow_The_Sweetest_Husky,video2,train
/Users/kingsley/Downloads/data/raw/Shadow_The_Sweetest_Husky/video2/7047876913251028271-00003_00003.wav,Shadow_The_Sweetest_Husky,video2,train
/Users/kingsley/Downloads/data/raw/Shadow_The_Sweetest_Husky/video3/7013148058854739205-00000_00000.wav,Shadow_The_Sweetest_Husky,video3,train
/Users/kingsley/Downloads/data/raw/Shadow_The_Sweetest_Husky/video3/7013148058854739205-00000_00001.wav,Shadow_The_Sweetest_Husky,video3,train
/Users/kingsley/Downloads/data/raw/Shadow_The_Sweetest_Husky/video3/7013148058854739205-00000_00002.wav,Shadow_The_Sweetest_Husky,video3,train
/Users/kingsley/Downloads/data/raw/Shadow_The_Sweetest_Husky/video3/7013148058854739205-00001_00000.wav,Shadow_The_Sweetest_Husky,video3,train
/Users/kingsley/Downloads/data/raw/Shadow_The_Sweetest_Husky/video3/7013148058854739205-00002_00000.wav,Shadow_The_Sweetest_Husky,video3,train
/Users/kingsley/Downloads/data/raw/Shadow_The_Sweetest_Husky/video3/7013148058854739205-00002_00001.wav,Shadow_The_Sweetest_Husky,video3,train
/Users/kingsley/Downloads/data/raw/Shadow_The_Sweetest_Husky/video4/7008513554240376070-00000_00000.wav,Shadow_The_Sweetest_Husky,video4,test
/Users/kingsley/Downloads/data/raw/Shadow_The_Sweetest_Husky/video4/7008513554240376070-00000_00001.wav,Shadow_The_Sweetest_Husky,video4,test
/Users/kingsley/Downloads/data/raw/Shadow_The_Sweetest_Husky/video4/7008513554240376070-00000_00002.wav,Shadow_The_Sweetest_Husky,video4,test
/Users/kingsley/Downloads/data/raw/Shadow_The_Sweetest_Husky/video4/7008513554240376070-00001_00000.wav,Shadow_The_Sweetest_Husky,video4,test
/Users/kingsley/Downloads/data/raw/Shadow_The_Sweetest_Husky/video4/7008513554240376070-00001_00001.wav,Shadow_The_Sweetest_Husky,video4,test
/Users/kingsley/Downloads/data/raw/Shadow_The_Sweetest_Husky/video4/7008513554240376070-00002_00000.wav,Shadow_The_Sweetest_Husky,video4,test
/Users/kingsley/Downloads/data/raw/Shadow_The_Sweetest_Husky/video4/7008513554240376070-00002_00001.wav,Shadow_The_Sweetest_Husky,video4,test
/Users/kingsley/Downloads/data/raw/Sherpa/video1/S9vnqTyAD0s-00000_00000.wav,Sherpa,video1,train
/Users/kingsley/Downloads/data/raw/Sherpa/video1/S9vnqTyAD0s-00001_00000.wav,Sherpa,video1,train
/Users/kingsley/Downloads/data/raw/Sherpa/video1/S9vnqTyAD0s-00002_00000.wav,Sherpa,video1,train
/Users/kingsley/Downloads/data/raw/Sherpa/video1/S9vnqTyAD0s-00002_00001.wav,Sherpa,video1,train
/Users/kingsley/Downloads/data/raw/Sherpa/video1/UCYTwXM6v_DRQrsuZvPW0MzA+S9vnqTyAD0s+00000+00000.wav,Sherpa,video1,train
/Users/kingsley/Downloads/data/raw/Sherpa/video1/UCYTwXM6v_DRQrsuZvPW0MzA+S9vnqTyAD0s+00001+00000.wav,Sherpa,video1,train
/Users/kingsley/Downloads/data/raw/Sherpa/video1/UCYTwXM6v_DRQrsuZvPW0MzA+S9vnqTyAD0s+00002+00000.wav,Sherpa,video1,train
/Users/kingsley/Downloads/data/raw/Sherpa/video1/UCYTwXM6v_DRQrsuZvPW0MzA+S9vnqTyAD0s+00002+00001.wav,Sherpa,video1,train
/Users/kingsley/Downloads/data/raw/Sherpa/video2/O-s4IqOL7_s-00001_00000.wav,Sherpa,video2,train
/Users/kingsley/Downloads/data/raw/Sherpa/video2/O-s4IqOL7_s-00004_00000.wav,Sherpa,video2,train
/Users/kingsley/Downloads/data/raw/Sherpa/video2/O-s4IqOL7_s-00005_00000.wav,Sherpa,video2,train
/Users/kingsley/Downloads/data/raw/Sherpa/video2/O-s4IqOL7_s-00005_00001.wav,Sherpa,video2,train
/Users/kingsley/Downloads/data/raw/Sherpa/video2/O-s4IqOL7_s-00006_00000.wav,Sherpa,video2,train
/Users/kingsley/Downloads/data/raw/Sherpa/video2/O-s4IqOL7_s-00006_00001.wav,Sherpa,video2,train
/Users/kingsley/Downloads/data/raw/Sherpa/video2/O-s4IqOL7_s-00007_00000.wav,Sherpa,video2,train
/Users/kingsley/Downloads/data/raw/Sherpa/video2/O-s4IqOL7_s-00008_00000.wav,Sherpa,video2,train
/Users/kingsley/Downloads/data/raw/Sherpa/video2/UCYTwXM6v_DRQrsuZvPW0MzA+O-s4IqOL7_s+00001+00000.wav,Sherpa,video2,train
/Users/kingsley/Downloads/data/raw/Sherpa/video2/UCYTwXM6v_DRQrsuZvPW0MzA+O-s4IqOL7_s+00004+00000.wav,Sherpa,video2,train
/Users/kingsley/Downloads/data/raw/Sherpa/video2/UCYTwXM6v_DRQrsuZvPW0MzA+O-s4IqOL7_s+00005+00000.wav,Sherpa,video2,train
/Users/kingsley/Downloads/data/raw/Sherpa/video2/UCYTwXM6v_DRQrsuZvPW0MzA+O-s4IqOL7_s+00005+00001.wav,Sherpa,video2,train
/Users/kingsley/Downloads/data/raw/Sherpa/video2/UCYTwXM6v_DRQrsuZvPW0MzA+O-s4IqOL7_s+00006+00000.wav,Sherpa,video2,train
/Users/kingsley/Downloads/data/raw/Sherpa/video2/UCYTwXM6v_DRQrsuZvPW0MzA+O-s4IqOL7_s+00006+00001.wav,Sherpa,video2,train
/Users/kingsley/Downloads/data/raw/Sherpa/video2/UCYTwXM6v_DRQrsuZvPW0MzA+O-s4IqOL7_s+00007+00000.wav,Sherpa,video2,train
/Users/kingsley/Downloads/data/raw/Sherpa/video2/UCYTwXM6v_DRQrsuZvPW0MzA+O-s4IqOL7_s+00008+00000.wav,Sherpa,video2,train
/Users/kingsley/Downloads/data/raw/Sherpa/video3/MUaCMh56fcQ-00000_00000.wav,Sherpa,video3,train
/Users/kingsley/Downloads/data/raw/Sherpa/video3/MUaCMh56fcQ-00000_00001.wav,Sherpa,video3,train
/Users/kingsley/Downloads/data/raw/Sherpa/video3/MUaCMh56fcQ-00000_00002.wav,Sherpa,video3,train
/Users/kingsley/Downloads/data/raw/Sherpa/video3/MUaCMh56fcQ-00000_00003.wav,Sherpa,video3,train
/Users/kingsley/Downloads/data/raw/Sherpa/video3/MUaCMh56fcQ-00001_00000.wav,Sherpa,video3,train
/Users/kingsley/Downloads/data/raw/Sherpa/video3/MUaCMh56fcQ-00002_00000.wav,Sherpa,video3,train
/Users/kingsley/Downloads/data/raw/Sherpa/video3/UCYTwXM6v_DRQrsuZvPW0MzA+MUaCMh56fcQ+00000+00000.wav,Sherpa,video3,train
/Users/kingsley/Downloads/data/raw/Sherpa/video3/UCYTwXM6v_DRQrsuZvPW0MzA+MUaCMh56fcQ+00000+00001.wav,Sherpa,video3,train
/Users/kingsley/Downloads/data/raw/Sherpa/video3/UCYTwXM6v_DRQrsuZvPW0MzA+MUaCMh56fcQ+00000+00002.wav,Sherpa,video3,train
/Users/kingsley/Downloads/data/raw/Sherpa/video3/UCYTwXM6v_DRQrsuZvPW0MzA+MUaCMh56fcQ+00000+00003.wav,Sherpa,video3,train
/Users/kingsley/Downloads/data/raw/Sherpa/video3/UCYTwXM6v_DRQrsuZvPW0MzA+MUaCMh56fcQ+00001+00000.wav,Sherpa,video3,train
/Users/kingsley/Downloads/data/raw/Sherpa/video3/UCYTwXM6v_DRQrsuZvPW0MzA+MUaCMh56fcQ+00002+00000.wav,Sherpa,video3,train
/Users/kingsley/Downloads/data/raw/Sherpa/video4/UCYTwXM6v_DRQrsuZvPW0MzA+kwzDpkHkZXs+00000+00000.wav,Sherpa,video4,test
/Users/kingsley/Downloads/data/raw/Sherpa/video4/UCYTwXM6v_DRQrsuZvPW0MzA+kwzDpkHkZXs+00001+00000.wav,Sherpa,video4,test
/Users/kingsley/Downloads/data/raw/Sherpa/video4/UCYTwXM6v_DRQrsuZvPW0MzA+kwzDpkHkZXs+00002+00000.wav,Sherpa,video4,test
/Users/kingsley/Downloads/data/raw/Sherpa/video4/UCYTwXM6v_DRQrsuZvPW0MzA+kwzDpkHkZXs+00003+00000.wav,Sherpa,video4,test
/Users/kingsley/Downloads/data/raw/Sherpa/video4/UCYTwXM6v_DRQrsuZvPW0MzA+kwzDpkHkZXs+00003+00001.wav,Sherpa,video4,test
/Users/kingsley/Downloads/data/raw/Sherpa/video4/UCYTwXM6v_DRQrsuZvPW0MzA+kwzDpkHkZXs+00003+00002.wav,Sherpa,video4,test
/Users/kingsley/Downloads/data/raw/Sherpa/video4/UCYTwXM6v_DRQrsuZvPW0MzA+kwzDpkHkZXs+00004+00000.wav,Sherpa,video4,test
/Users/kingsley/Downloads/data/raw/Sherpa/video4/kwzDpkHkZXs-00000_00000.wav,Sherpa,video4,test
/Users/kingsley/Downloads/data/raw/Sherpa/video4/kwzDpkHkZXs-00001_00000.wav,Sherpa,video4,test
/Users/kingsley/Downloads/data/raw/Sherpa/video4/kwzDpkHkZXs-00002_00000.wav,Sherpa,video4,test
/Users/kingsley/Downloads/data/raw/Sherpa/video4/kwzDpkHkZXs-00003_00000.wav,Sherpa,video4,test
/Users/kingsley/Downloads/data/raw/Sherpa/video4/kwzDpkHkZXs-00003_00001.wav,Sherpa,video4,test
/Users/kingsley/Downloads/data/raw/Sherpa/video4/kwzDpkHkZXs-00003_00002.wav,Sherpa,video4,test
/Users/kingsley/Downloads/data/raw/Sherpa/video4/kwzDpkHkZXs-00004_00000.wav,Sherpa,video4,test
/Users/kingsley/Downloads/data/raw/Sherpa_s_Day/video1/wxuh1gmzdWE-00000_00000.wav,Sherpa_s_Day,video1,train
/Users/kingsley/Downloads/data/raw/Sherpa_s_Day/video1/wxuh1gmzdWE-00000_00001.wav,Sherpa_s_Day,video1,train
/Users/kingsley/Downloads/data/raw/Sherpa_s_Day/video1/wxuh1gmzdWE-00000_00002.wav,Sherpa_s_Day,video1,train
/Users/kingsley/Downloads/data/raw/Sherpa_s_Day/video1/wxuh1gmzdWE-00002_00000.wav,Sherpa_s_Day,video1,train
/Users/kingsley/Downloads/data/raw/Sherpa_s_Day/video1/wxuh1gmzdWE-00003_00000.wav,Sherpa_s_Day,video1,train
/Users/kingsley/Downloads/data/raw/Sherpa_s_Day/video1/wxuh1gmzdWE-00004_00000.wav,Sherpa_s_Day,video1,train
/Users/kingsley/Downloads/data/raw/Sherpa_s_Day/video1/wxuh1gmzdWE-00005_00000.wav,Sherpa_s_Day,video1,train
/Users/kingsley/Downloads/data/raw/Sherpa_s_Day/video1/wxuh1gmzdWE-00006_00000.wav,Sherpa_s_Day,video1,train
/Users/kingsley/Downloads/data/raw/Sherpa_s_Day/video1/wxuh1gmzdWE-00014_00000.wav,Sherpa_s_Day,video1,train
/Users/kingsley/Downloads/data/raw/Sherpa_s_Day/video1/wxuh1gmzdWE-00019_00000.wav,Sherpa_s_Day,video1,train
/Users/kingsley/Downloads/data/raw/Sherpa_s_Day/video1/wxuh1gmzdWE-00019_00001.wav,Sherpa_s_Day,video1,train
/Users/kingsley/Downloads/data/raw/Sherpa_s_Day/video1/wxuh1gmzdWE-00022_00000.wav,Sherpa_s_Day,video1,train
/Users/kingsley/Downloads/data/raw/Sherpa_s_Day/video1/wxuh1gmzdWE-00026_00000.wav,Sherpa_s_Day,video1,train
/Users/kingsley/Downloads/data/raw/Sherpa_s_Day/video1/wxuh1gmzdWE-00026_00001.wav,Sherpa_s_Day,video1,train
/Users/kingsley/Downloads/data/raw/Sherpa_s_Day/video1/wxuh1gmzdWE-00026_00002.wav,Sherpa_s_Day,video1,train
/Users/kingsley/Downloads/data/raw/Sherpa_s_Day/video1/wxuh1gmzdWE-00027_00000.wav,Sherpa_s_Day,video1,train
/Users/kingsley/Downloads/data/raw/Sherpa_s_Day/video1/wxuh1gmzdWE-00028_00000.wav,Sherpa_s_Day,video1,train
/Users/kingsley/Downloads/data/raw/Sherpa_s_Day/video1/wxuh1gmzdWE-00030_00000.wav,Sherpa_s_Day,video1,train
/Users/kingsley/Downloads/data/raw/Sherpa_s_Day/video2/be_ELbqObJQ-00001_00000.wav,Sherpa_s_Day,video2,train
/Users/kingsley/Downloads/data/raw/Sherpa_s_Day/video2/be_ELbqObJQ-00004_00000.wav,Sherpa_s_Day,video2,train
/Users/kingsley/Downloads/data/raw/Sherpa_s_Day/video2/be_ELbqObJQ-00007_00000.wav,Sherpa_s_Day,video2,train
/Users/kingsley/Downloads/data/raw/Sherpa_s_Day/video2/be_ELbqObJQ-00008_00000.wav,Sherpa_s_Day,video2,train
/Users/kingsley/Downloads/data/raw/Sherpa_s_Day/video2/be_ELbqObJQ-00009_00000.wav,Sherpa_s_Day,video2,train
/Users/kingsley/Downloads/data/raw/Sherpa_s_Day/video2/be_ELbqObJQ-00009_00001.wav,Sherpa_s_Day,video2,train
/Users/kingsley/Downloads/data/raw/Sherpa_s_Day/video2/be_ELbqObJQ-00012_00000.wav,Sherpa_s_Day,video2,train
/Users/kingsley/Downloads/data/raw/Sherpa_s_Day/video2/be_ELbqObJQ-00013_00000.wav,Sherpa_s_Day,video2,train
/Users/kingsley/Downloads/data/raw/Sherpa_s_Day/video2/be_ELbqObJQ-00016_00000.wav,Sherpa_s_Day,video2,train
/Users/kingsley/Downloads/data/raw/Sherpa_s_Day/video2/be_ELbqObJQ-00017_00000.wav,Sherpa_s_Day,video2,train
/Users/kingsley/Downloads/data/raw/Sherpa_s_Day/video2/be_ELbqObJQ-00017_00001.wav,Sherpa_s_Day,video2,train
/Users/kingsley/Downloads/data/raw/Sherpa_s_Day/video2/be_ELbqObJQ-00017_00002.wav,Sherpa_s_Day,video2,train
/Users/kingsley/Downloads/data/raw/Sherpa_s_Day/video2/be_ELbqObJQ-00018_00000.wav,Sherpa_s_Day,video2,train
/Users/kingsley/Downloads/data/raw/Sherpa_s_Day/video2/be_ELbqObJQ-00018_00001.wav,Sherpa_s_Day,video2,train
/Users/kingsley/Downloads/data/raw/Sherpa_s_Day/video3/FDjX_dpBmfA-00000_00000.wav,Sherpa_s_Day,video3,train
/Users/kingsley/Downloads/data/raw/Sherpa_s_Day/video3/FDjX_dpBmfA-00000_00001.wav,Sherpa_s_Day,video3,train
/Users/kingsley/Downloads/data/raw/Sherpa_s_Day/video3/FDjX_dpBmfA-00001_00000.wav,Sherpa_s_Day,video3,train
/Users/kingsley/Downloads/data/raw/Sherpa_s_Day/video3/FDjX_dpBmfA-00001_00001.wav,Sherpa_s_Day,video3,train
/Users/kingsley/Downloads/data/raw/Sherpa_s_Day/video3/FDjX_dpBmfA-00001_00002.wav,Sherpa_s_Day,video3,train
/Users/kingsley/Downloads/data/raw/Sherpa_s_Day/video3/FDjX_dpBmfA-00001_00003.wav,Sherpa_s_Day,video3,train
/Users/kingsley/Downloads/data/raw/Sherpa_s_Day/video3/FDjX_dpBmfA-00001_00004.wav,Sherpa_s_Day,video3,train
/Users/kingsley/Downloads/data/raw/Sherpa_s_Day/video3/FDjX_dpBmfA-00001_00005.wav,Sherpa_s_Day,video3,train
/Users/kingsley/Downloads/data/raw/Sherpa_s_Day/video3/FDjX_dpBmfA-00002_00000.wav,Sherpa_s_Day,video3,train
/Users/kingsley/Downloads/data/raw/Sherpa_s_Day/video3/FDjX_dpBmfA-00006_00000.wav,Sherpa_s_Day,video3,train
/Users/kingsley/Downloads/data/raw/Sherpa_s_Day/video3/FDjX_dpBmfA-00007_00000.wav,Sherpa_s_Day,video3,train
/Users/kingsley/Downloads/data/raw/Sherpa_s_Day/video3/FDjX_dpBmfA-00008_00000.wav,Sherpa_s_Day,video3,train
/Users/kingsley/Downloads/data/raw/Sherpa_s_Day/video3/FDjX_dpBmfA-00010_00000.wav,Sherpa_s_Day,video3,train
/Users/kingsley/Downloads/data/raw/Sherpa_s_Day/video3/FDjX_dpBmfA-00010_00001.wav,Sherpa_s_Day,video3,train
/Users/kingsley/Downloads/data/raw/Sherpa_s_Day/video4/sCm284erIoM-00000_00000.wav,Sherpa_s_Day,video4,test
/Users/kingsley/Downloads/data/raw/Sherpa_s_Day/video4/sCm284erIoM-00002_00000.wav,Sherpa_s_Day,video4,test
/Users/kingsley/Downloads/data/raw/Sherpa_s_Day/video4/sCm284erIoM-00002_00001.wav,Sherpa_s_Day,video4,test
/Users/kingsley/Downloads/data/raw/Sherpa_s_Day/video4/sCm284erIoM-00003_00000.wav,Sherpa_s_Day,video4,test
/Users/kingsley/Downloads/data/raw/Sherpa_s_Day/video4/sCm284erIoM-00004_00000.wav,Sherpa_s_Day,video4,test
/Users/kingsley/Downloads/data/raw/Sherpa_s_Day/video4/sCm284erIoM-00004_00001.wav,Sherpa_s_Day,video4,test
/Users/kingsley/Downloads/data/raw/Sherpa_s_Day/video4/sCm284erIoM-00005_00000.wav,Sherpa_s_Day,video4,test
/Users/kingsley/Downloads/data/raw/Sherpa_s_Day/video4/sCm284erIoM-00006_00000.wav,Sherpa_s_Day,video4,test
/Users/kingsley/Downloads/data/raw/Sherpa_s_Day/video4/sCm284erIoM-00007_00000.wav,Sherpa_s_Day,video4,test
/Users/kingsley/Downloads/data/raw/Sherpa_s_Day/video4/sCm284erIoM-00008_00000.wav,Sherpa_s_Day,video4,test
/Users/kingsley/Downloads/data/raw/Sherpa_s_Day/video4/sCm284erIoM-00009_00000.wav,Sherpa_s_Day,video4,test
/Users/kingsley/Downloads/data/raw/Sherpa_s_Day/video4/sCm284erIoM-00010_00000.wav,Sherpa_s_Day,video4,test
/Users/kingsley/Downloads/data/raw/Sherpa_s_Day/video4/sCm284erIoM-00010_00001.wav,Sherpa_s_Day,video4,test
/Users/kingsley/Downloads/data/raw/Sonny_the_chihuahua/video1/FaqVHra4G3s-00000_00000.wav,Sonny_the_chihuahua,video1,train
/Users/kingsley/Downloads/data/raw/Sonny_the_chihuahua/video1/FaqVHra4G3s-00000_00001.wav,Sonny_the_chihuahua,video1,train
/Users/kingsley/Downloads/data/raw/Sonny_the_chihuahua/video1/FaqVHra4G3s-00001_00000.wav,Sonny_the_chihuahua,video1,train
/Users/kingsley/Downloads/data/raw/Sonny_the_chihuahua/video1/FaqVHra4G3s-00004_00000.wav,Sonny_the_chihuahua,video1,train
/Users/kingsley/Downloads/data/raw/Sonny_the_chihuahua/video1/UC76NmG6rzQ1ib4Xb_n7DT8Q+FaqVHra4G3s+00000+00000.wav,Sonny_the_chihuahua,video1,train
/Users/kingsley/Downloads/data/raw/Sonny_the_chihuahua/video1/UC76NmG6rzQ1ib4Xb_n7DT8Q+FaqVHra4G3s+00000+00001.wav,Sonny_the_chihuahua,video1,train
/Users/kingsley/Downloads/data/raw/Sonny_the_chihuahua/video1/UC76NmG6rzQ1ib4Xb_n7DT8Q+FaqVHra4G3s+00001+00000.wav,Sonny_the_chihuahua,video1,train
/Users/kingsley/Downloads/data/raw/Sonny_the_chihuahua/video1/UC76NmG6rzQ1ib4Xb_n7DT8Q+FaqVHra4G3s+00004+00000.wav,Sonny_the_chihuahua,video1,train
/Users/kingsley/Downloads/data/raw/Sonny_the_chihuahua/video2/UC76NmG6rzQ1ib4Xb_n7DT8Q+mZDyK3CF-w4+00000+00000.wav,Sonny_the_chihuahua,video2,train
/Users/kingsley/Downloads/data/raw/Sonny_the_chihuahua/video2/UC76NmG6rzQ1ib4Xb_n7DT8Q+mZDyK3CF-w4+00000+00001.wav,Sonny_the_chihuahua,video2,train
/Users/kingsley/Downloads/data/raw/Sonny_the_chihuahua/video2/UC76NmG6rzQ1ib4Xb_n7DT8Q+mZDyK3CF-w4+00000+00002.wav,Sonny_the_chihuahua,video2,train
/Users/kingsley/Downloads/data/raw/Sonny_the_chihuahua/video2/UC76NmG6rzQ1ib4Xb_n7DT8Q+mZDyK3CF-w4+00002+00000.wav,Sonny_the_chihuahua,video2,train
/Users/kingsley/Downloads/data/raw/Sonny_the_chihuahua/video2/UC76NmG6rzQ1ib4Xb_n7DT8Q+mZDyK3CF-w4+00002+00001.wav,Sonny_the_chihuahua,video2,train
/Users/kingsley/Downloads/data/raw/Sonny_the_chihuahua/video2/UC76NmG6rzQ1ib4Xb_n7DT8Q+mZDyK3CF-w4+00002+00002.wav,Sonny_the_chihuahua,video2,train
/Users/kingsley/Downloads/data/raw/Sonny_the_chihuahua/video2/mZDyK3CF-w4-00000_00000.wav,Sonny_the_chihuahua,video2,train
/Users/kingsley/Downloads/data/raw/Sonny_the_chihuahua/video2/mZDyK3CF-w4-00000_00001.wav,Sonny_the_chihuahua,video2,train
/Users/kingsley/Downloads/data/raw/Sonny_the_chihuahua/video2/mZDyK3CF-w4-00000_00002.wav,Sonny_the_chihuahua,video2,train
/Users/kingsley/Downloads/data/raw/Sonny_the_chihuahua/video2/mZDyK3CF-w4-00002_00000.wav,Sonny_the_chihuahua,video2,train
/Users/kingsley/Downloads/data/raw/Sonny_the_chihuahua/video2/mZDyK3CF-w4-00002_00001.wav,Sonny_the_chihuahua,video2,train
/Users/kingsley/Downloads/data/raw/Sonny_the_chihuahua/video2/mZDyK3CF-w4-00002_00002.wav,Sonny_the_chihuahua,video2,train
/Users/kingsley/Downloads/data/raw/Sonny_the_chihuahua/video3/6xrcXCdiuUU-00000_00000.wav,Sonny_the_chihuahua,video3,train
/Users/kingsley/Downloads/data/raw/Sonny_the_chihuahua/video3/6xrcXCdiuUU-00001_00000.wav,Sonny_the_chihuahua,video3,train
/Users/kingsley/Downloads/data/raw/Sonny_the_chihuahua/video3/6xrcXCdiuUU-00001_00001.wav,Sonny_the_chihuahua,video3,train
/Users/kingsley/Downloads/data/raw/Sonny_the_chihuahua/video3/6xrcXCdiuUU-00002_00000.wav,Sonny_the_chihuahua,video3,train
/Users/kingsley/Downloads/data/raw/Sonny_the_chihuahua/video3/6xrcXCdiuUU-00003_00000.wav,Sonny_the_chihuahua,video3,train
/Users/kingsley/Downloads/data/raw/Sonny_the_chihuahua/video3/UC76NmG6rzQ1ib4Xb_n7DT8Q+6xrcXCdiuUU+00000+00000.wav,Sonny_the_chihuahua,video3,train
/Users/kingsley/Downloads/data/raw/Sonny_the_chihuahua/video3/UC76NmG6rzQ1ib4Xb_n7DT8Q+6xrcXCdiuUU+00001+00000.wav,Sonny_the_chihuahua,video3,train
/Users/kingsley/Downloads/data/raw/Sonny_the_chihuahua/video3/UC76NmG6rzQ1ib4Xb_n7DT8Q+6xrcXCdiuUU+00001+00001.wav,Sonny_the_chihuahua,video3,train
/Users/kingsley/Downloads/data/raw/Sonny_the_chihuahua/video3/UC76NmG6rzQ1ib4Xb_n7DT8Q+6xrcXCdiuUU+00002+00000.wav,Sonny_the_chihuahua,video3,train
/Users/kingsley/Downloads/data/raw/Sonny_the_chihuahua/video3/UC76NmG6rzQ1ib4Xb_n7DT8Q+6xrcXCdiuUU+00003+00000.wav,Sonny_the_chihuahua,video3,train
/Users/kingsley/Downloads/data/raw/Sonny_the_chihuahua/video4/UC76NmG6rzQ1ib4Xb_n7DT8Q+wR1tWuVv5ME+00000+00000.wav,Sonny_the_chihuahua,video4,test
/Users/kingsley/Downloads/data/raw/Sonny_the_chihuahua/video4/UC76NmG6rzQ1ib4Xb_n7DT8Q+wR1tWuVv5ME+00000+00001.wav,Sonny_the_chihuahua,video4,test
/Users/kingsley/Downloads/data/raw/Sonny_the_chihuahua/video4/UC76NmG6rzQ1ib4Xb_n7DT8Q+wR1tWuVv5ME+00001+00000.wav,Sonny_the_chihuahua,video4,test
/Users/kingsley/Downloads/data/raw/Sonny_the_chihuahua/video4/UC76NmG6rzQ1ib4Xb_n7DT8Q+wR1tWuVv5ME+00001+00001.wav,Sonny_the_chihuahua,video4,test
/Users/kingsley/Downloads/data/raw/Sonny_the_chihuahua/video4/UC76NmG6rzQ1ib4Xb_n7DT8Q+wR1tWuVv5ME+00001+00002.wav,Sonny_the_chihuahua,video4,test
/Users/kingsley/Downloads/data/raw/Sonny_the_chihuahua/video4/UC76NmG6rzQ1ib4Xb_n7DT8Q+wR1tWuVv5ME+00004+00000.wav,Sonny_the_chihuahua,video4,test
/Users/kingsley/Downloads/data/raw/Sonny_the_chihuahua/video4/wR1tWuVv5ME-00000_00000.wav,Sonny_the_chihuahua,video4,test
/Users/kingsley/Downloads/data/raw/Sonny_the_chihuahua/video4/wR1tWuVv5ME-00000_00001.wav,Sonny_the_chihuahua,video4,test
/Users/kingsley/Downloads/data/raw/Sonny_the_chihuahua/video4/wR1tWuVv5ME-00001_00000.wav,Sonny_the_chihuahua,video4,test
/Users/kingsley/Downloads/data/raw/Sonny_the_chihuahua/video4/wR1tWuVv5ME-00001_00001.wav,Sonny_the_chihuahua,video4,test
/Users/kingsley/Downloads/data/raw/Sonny_the_chihuahua/video4/wR1tWuVv5ME-00001_00002.wav,Sonny_the_chihuahua,video4,test
/Users/kingsley/Downloads/data/raw/Sonny_the_chihuahua/video4/wR1tWuVv5ME-00004_00000.wav,Sonny_the_chihuahua,video4,test
/Users/kingsley/Downloads/data/raw/The_Husky_Moon/video1/UCkmrxSw3irNY-YQaRqUyZXw+7x0uQsz36Xs+00001+00000.wav,The_Husky_Moon,video1,train
/Users/kingsley/Downloads/data/raw/The_Husky_Moon/video1/UCkmrxSw3irNY-YQaRqUyZXw+7x0uQsz36Xs+00001+00001.wav,The_Husky_Moon,video1,train
/Users/kingsley/Downloads/data/raw/The_Husky_Moon/video1/UCkmrxSw3irNY-YQaRqUyZXw+7x0uQsz36Xs+00001+00002.wav,The_Husky_Moon,video1,train
/Users/kingsley/Downloads/data/raw/The_Husky_Moon/video1/UCkmrxSw3irNY-YQaRqUyZXw+7x0uQsz36Xs+00001+00003.wav,The_Husky_Moon,video1,train
/Users/kingsley/Downloads/data/raw/The_Husky_Moon/video1/UCkmrxSw3irNY-YQaRqUyZXw+7x0uQsz36Xs+00001+00004.wav,The_Husky_Moon,video1,train
/Users/kingsley/Downloads/data/raw/The_Husky_Moon/video1/UCkmrxSw3irNY-YQaRqUyZXw+7x0uQsz36Xs+00001+00005.wav,The_Husky_Moon,video1,train
/Users/kingsley/Downloads/data/raw/The_Husky_Moon/video1/UCkmrxSw3irNY-YQaRqUyZXw+7x0uQsz36Xs+00001+00006.wav,The_Husky_Moon,video1,train
/Users/kingsley/Downloads/data/raw/The_Husky_Moon/video1/UCkmrxSw3irNY-YQaRqUyZXw+7x0uQsz36Xs+00001+00007.wav,The_Husky_Moon,video1,train
/Users/kingsley/Downloads/data/raw/The_Husky_Moon/video1/UCkmrxSw3irNY-YQaRqUyZXw+7x0uQsz36Xs+00001+00008.wav,The_Husky_Moon,video1,train
/Users/kingsley/Downloads/data/raw/The_Husky_Moon/video1/UCkmrxSw3irNY-YQaRqUyZXw+7x0uQsz36Xs+00001+00009.wav,The_Husky_Moon,video1,train
/Users/kingsley/Downloads/data/raw/The_Husky_Moon/video1/UCkmrxSw3irNY-YQaRqUyZXw+7x0uQsz36Xs+00001+00010.wav,The_Husky_Moon,video1,train
/Users/kingsley/Downloads/data/raw/The_Husky_Moon/video1/UCkmrxSw3irNY-YQaRqUyZXw+7x0uQsz36Xs+00001+00011.wav,The_Husky_Moon,video1,train
/Users/kingsley/Downloads/data/raw/The_Husky_Moon/video1/UCkmrxSw3irNY-YQaRqUyZXw+7x0uQsz36Xs+00001+00012.wav,The_Husky_Moon,video1,train
/Users/kingsley/Downloads/data/raw/The_Husky_Moon/video1/UCkmrxSw3irNY-YQaRqUyZXw+7x0uQsz36Xs+00001+00013.wav,The_Husky_Moon,video1,train
/Users/kingsley/Downloads/data/raw/The_Husky_Moon/video1/UCkmrxSw3irNY-YQaRqUyZXw+7x0uQsz36Xs+00001+00014.wav,The_Husky_Moon,video1,train
/Users/kingsley/Downloads/data/raw/The_Husky_Moon/video1/UCkmrxSw3irNY-YQaRqUyZXw+7x0uQsz36Xs+00001+00015.wav,The_Husky_Moon,video1,train
/Users/kingsley/Downloads/data/raw/The_Husky_Moon/video1/UCkmrxSw3irNY-YQaRqUyZXw+7x0uQsz36Xs+00002+00000.wav,The_Husky_Moon,video1,train
/Users/kingsley/Downloads/data/raw/The_Husky_Moon/video1/UCkmrxSw3irNY-YQaRqUyZXw+7x0uQsz36Xs+00003+00000.wav,The_Husky_Moon,video1,train
/Users/kingsley/Downloads/data/raw/The_Husky_Moon/video2/UCkmrxSw3irNY-YQaRqUyZXw+06ihGhIULls+00000+00000.wav,The_Husky_Moon,video2,train
/Users/kingsley/Downloads/data/raw/The_Husky_Moon/video2/UCkmrxSw3irNY-YQaRqUyZXw+06ihGhIULls+00001+00000.wav,The_Husky_Moon,video2,train
/Users/kingsley/Downloads/data/raw/The_Husky_Moon/video2/UCkmrxSw3irNY-YQaRqUyZXw+06ihGhIULls+00002+00000.wav,The_Husky_Moon,video2,train
/Users/kingsley/Downloads/data/raw/The_Husky_Moon/video2/UCkmrxSw3irNY-YQaRqUyZXw+06ihGhIULls+00002+00001.wav,The_Husky_Moon,video2,train
/Users/kingsley/Downloads/data/raw/The_Husky_Moon/video2/UCkmrxSw3irNY-YQaRqUyZXw+06ihGhIULls+00003+00000.wav,The_Husky_Moon,video2,train
/Users/kingsley/Downloads/data/raw/The_Husky_Moon/video2/UCkmrxSw3irNY-YQaRqUyZXw+06ihGhIULls+00003+00001.wav,The_Husky_Moon,video2,train
/Users/kingsley/Downloads/data/raw/The_Husky_Moon/video2/UCkmrxSw3irNY-YQaRqUyZXw+06ihGhIULls+00004+00000.wav,The_Husky_Moon,video2,train
/Users/kingsley/Downloads/data/raw/The_Husky_Moon/video2/UCkmrxSw3irNY-YQaRqUyZXw+06ihGhIULls+00004+00001.wav,The_Husky_Moon,video2,train
/Users/kingsley/Downloads/data/raw/The_Husky_Moon/video2/UCkmrxSw3irNY-YQaRqUyZXw+06ihGhIULls+00004+00002.wav,The_Husky_Moon,video2,train
/Users/kingsley/Downloads/data/raw/The_Husky_Moon/video2/UCkmrxSw3irNY-YQaRqUyZXw+06ihGhIULls+00005+00000.wav,The_Husky_Moon,video2,train
/Users/kingsley/Downloads/data/raw/The_Husky_Moon/video2/UCkmrxSw3irNY-YQaRqUyZXw+06ihGhIULls+00006+00000.wav,The_Husky_Moon,video2,train
/Users/kingsley/Downloads/data/raw/The_Husky_Moon/video2/UCkmrxSw3irNY-YQaRqUyZXw+06ihGhIULls+00006+00001.wav,The_Husky_Moon,video2,train
/Users/kingsley/Downloads/data/raw/The_Husky_Moon/video2/UCkmrxSw3irNY-YQaRqUyZXw+06ihGhIULls+00006+00002.wav,The_Husky_Moon,video2,train
/Users/kingsley/Downloads/data/raw/The_Husky_Moon/video2/UCkmrxSw3irNY-YQaRqUyZXw+06ihGhIULls+00007+00000.wav,The_Husky_Moon,video2,train
/Users/kingsley/Downloads/data/raw/The_Husky_Moon/video2/UCkmrxSw3irNY-YQaRqUyZXw+06ihGhIULls+00007+00001.wav,The_Husky_Moon,video2,train
/Users/kingsley/Downloads/data/raw/The_Husky_Moon/video3/UCkmrxSw3irNY-YQaRqUyZXw+NlCu1OyIoKw+00000+00000.wav,The_Husky_Moon,video3,train
/Users/kingsley/Downloads/data/raw/The_Husky_Moon/video3/UCkmrxSw3irNY-YQaRqUyZXw+NlCu1OyIoKw+00001+00000.wav,The_Husky_Moon,video3,train
/Users/kingsley/Downloads/data/raw/The_Husky_Moon/video3/UCkmrxSw3irNY-YQaRqUyZXw+NlCu1OyIoKw+00001+00001.wav,The_Husky_Moon,video3,train
/Users/kingsley/Downloads/data/raw/The_Husky_Moon/video3/UCkmrxSw3irNY-YQaRqUyZXw+NlCu1OyIoKw+00001+00002.wav,The_Husky_Moon,video3,train
/Users/kingsley/Downloads/data/raw/The_Husky_Moon/video3/UCkmrxSw3irNY-YQaRqUyZXw+NlCu1OyIoKw+00001+00003.wav,The_Husky_Moon,video3,train
/Users/kingsley/Downloads/data/raw/The_Husky_Moon/video3/UCkmrxSw3irNY-YQaRqUyZXw+NlCu1OyIoKw+00001+00004.wav,The_Husky_Moon,video3,train
/Users/kingsley/Downloads/data/raw/The_Husky_Moon/video3/UCkmrxSw3irNY-YQaRqUyZXw+NlCu1OyIoKw+00001+00005.wav,The_Husky_Moon,video3,train
/Users/kingsley/Downloads/data/raw/The_Husky_Moon/video3/UCkmrxSw3irNY-YQaRqUyZXw+NlCu1OyIoKw+00002+00000.wav,The_Husky_Moon,video3,train
/Users/kingsley/Downloads/data/raw/The_Husky_Moon/video3/UCkmrxSw3irNY-YQaRqUyZXw+NlCu1OyIoKw+00002+00001.wav,The_Husky_Moon,video3,train
/Users/kingsley/Downloads/data/raw/The_Husky_Moon/video3/UCkmrxSw3irNY-YQaRqUyZXw+NlCu1OyIoKw+00002+00002.wav,The_Husky_Moon,video3,train
/Users/kingsley/Downloads/data/raw/The_Husky_Moon/video3/UCkmrxSw3irNY-YQaRqUyZXw+NlCu1OyIoKw+00002+00003.wav,The_Husky_Moon,video3,train
/Users/kingsley/Downloads/data/raw/The_Husky_Moon/video3/UCkmrxSw3irNY-YQaRqUyZXw+NlCu1OyIoKw+00002+00004.wav,The_Husky_Moon,video3,train
/Users/kingsley/Downloads/data/raw/The_Husky_Moon/video3/UCkmrxSw3irNY-YQaRqUyZXw+NlCu1OyIoKw+00002+00005.wav,The_Husky_Moon,video3,train
/Users/kingsley/Downloads/data/raw/The_Husky_Moon/video3/UCkmrxSw3irNY-YQaRqUyZXw+NlCu1OyIoKw+00003+00000.wav,The_Husky_Moon,video3,train
/Users/kingsley/Downloads/data/raw/The_Husky_Moon/video4/UCkmrxSw3irNY-YQaRqUyZXw+LXx3x4TGUzQ+00000+00000.wav,The_Husky_Moon,video4,test
/Users/kingsley/Downloads/data/raw/The_Husky_Moon/video4/UCkmrxSw3irNY-YQaRqUyZXw+LXx3x4TGUzQ+00001+00000.wav,The_Husky_Moon,video4,test
/Users/kingsley/Downloads/data/raw/The_Husky_Moon/video4/UCkmrxSw3irNY-YQaRqUyZXw+LXx3x4TGUzQ+00001+00001.wav,The_Husky_Moon,video4,test
/Users/kingsley/Downloads/data/raw/The_Husky_Moon/video4/UCkmrxSw3irNY-YQaRqUyZXw+LXx3x4TGUzQ+00001+00002.wav,The_Husky_Moon,video4,test
/Users/kingsley/Downloads/data/raw/The_Husky_Moon/video4/UCkmrxSw3irNY-YQaRqUyZXw+LXx3x4TGUzQ+00001+00003.wav,The_Husky_Moon,video4,test
/Users/kingsley/Downloads/data/raw/The_Husky_Moon/video4/UCkmrxSw3irNY-YQaRqUyZXw+LXx3x4TGUzQ+00001+00004.wav,The_Husky_Moon,video4,test
/Users/kingsley/Downloads/data/raw/The_Husky_Moon/video4/UCkmrxSw3irNY-YQaRqUyZXw+LXx3x4TGUzQ+00001+00005.wav,The_Husky_Moon,video4,test
/Users/kingsley/Downloads/data/raw/The_Husky_Moon/video4/UCkmrxSw3irNY-YQaRqUyZXw+LXx3x4TGUzQ+00002+00000.wav,The_Husky_Moon,video4,test
/Users/kingsley/Downloads/data/raw/The_Husky_Moon/video4/UCkmrxSw3irNY-YQaRqUyZXw+LXx3x4TGUzQ+00003+00000.wav,The_Husky_Moon,video4,test
/Users/kingsley/Downloads/data/raw/Tina_😳/video1/6929909839674019077-00000_00000.wav,Tina_😳,video1,train
/Users/kingsley/Downloads/data/raw/Tina_😳/video1/6929909839674019077-00000_00001.wav,Tina_😳,video1,train
/Users/kingsley/Downloads/data/raw/Tina_😳/video1/6929909839674019077-00000_00002.wav,Tina_😳,video1,train
/Users/kingsley/Downloads/data/raw/Tina_😳/video1/6929909839674019077-00001_00000.wav,Tina_😳,video1,train
/Users/kingsley/Downloads/data/raw/Tina_😳/video1/6929909839674019077-00001_00001.wav,Tina_😳,video1,train
/Users/kingsley/Downloads/data/raw/Tina_😳/video1/6929909839674019077-00001_00002.wav,Tina_😳,video1,train
/Users/kingsley/Downloads/data/raw/Tina_😳/video1/6929909839674019077-00001_00003.wav,Tina_😳,video1,train
/Users/kingsley/Downloads/data/raw/Tina_😳/video1/6929909839674019077-00001_00004.wav,Tina_😳,video1,train
/Users/kingsley/Downloads/data/raw/Tina_😳/video1/6929909839674019077-00001_00005.wav,Tina_😳,video1,train
/Users/kingsley/Downloads/data/raw/Tina_😳/video1/6929909839674019077-00001_00006.wav,Tina_😳,video1,train
/Users/kingsley/Downloads/data/raw/Tina_😳/video2/6972218353888824582-00000_00000.wav,Tina_😳,video2,train
/Users/kingsley/Downloads/data/raw/Tina_😳/video2/6972218353888824582-00000_00001.wav,Tina_😳,video2,train
/Users/kingsley/Downloads/data/raw/Tina_😳/video2/6972218353888824582-00000_00002.wav,Tina_😳,video2,train
/Users/kingsley/Downloads/data/raw/Tina_😳/video2/6972218353888824582-00000_00003.wav,Tina_😳,video2,train
/Users/kingsley/Downloads/data/raw/Tina_😳/video2/6972218353888824582-00001_00000.wav,Tina_😳,video2,train
/Users/kingsley/Downloads/data/raw/Tina_😳/video2/6972218353888824582-00001_00001.wav,Tina_😳,video2,train
/Users/kingsley/Downloads/data/raw/Tina_😳/video3/6839376974729760005-00000_00000.wav,Tina_😳,video3,train
/Users/kingsley/Downloads/data/raw/Tina_😳/video3/6839376974729760005-00000_00001.wav,Tina_😳,video3,train
/Users/kingsley/Downloads/data/raw/Tina_😳/video3/6839376974729760005-00001_00000.wav,Tina_😳,video3,train
/Users/kingsley/Downloads/data/raw/Tina_😳/video3/6839376974729760005-00002_00000.wav,Tina_😳,video3,train
/Users/kingsley/Downloads/data/raw/Tina_😳/video3/6839376974729760005-00002_00001.wav,Tina_😳,video3,train
/Users/kingsley/Downloads/data/raw/Tina_😳/video3/6839376974729760005-00002_00002.wav,Tina_😳,video3,train
/Users/kingsley/Downloads/data/raw/Tina_😳/video3/6839376974729760005-00003_00000.wav,Tina_😳,video3,train
/Users/kingsley/Downloads/data/raw/Tina_😳/video3/6839376974729760005-00003_00001.wav,Tina_😳,video3,train
/Users/kingsley/Downloads/data/raw/Tina_😳/video3/6839376974729760005-00003_00002.wav,Tina_😳,video3,train
/Users/kingsley/Downloads/data/raw/Tina_😳/video3/6839376974729760005-00003_00003.wav,Tina_😳,video3,train
/Users/kingsley/Downloads/data/raw/Tina_😳/video4/7050856250879479086-00000_00000.wav,Tina_😳,video4,test
/Users/kingsley/Downloads/data/raw/Tina_😳/video4/7050856250879479086-00001_00000.wav,Tina_😳,video4,test
/Users/kingsley/Downloads/data/raw/Tina_😳/video4/7050856250879479086-00001_00001.wav,Tina_😳,video4,test
/Users/kingsley/Downloads/data/raw/Tina_😳/video4/7050856250879479086-00002_00000.wav,Tina_😳,video4,test
/Users/kingsley/Downloads/data/raw/Tina_😳/video4/7050856250879479086-00002_00001.wav,Tina_😳,video4,test
/Users/kingsley/Downloads/data/raw/Tiny_Chihuahua_Cedric/video1/UCvHJzqB1KZMpZniAVWy3tkA+LUyLRiHh2kY+00000+00000.wav,Tiny_Chihuahua_Cedric,video1,train
/Users/kingsley/Downloads/data/raw/Tiny_Chihuahua_Cedric/video1/UCvHJzqB1KZMpZniAVWy3tkA+LUyLRiHh2kY+00000+00001.wav,Tiny_Chihuahua_Cedric,video1,train
/Users/kingsley/Downloads/data/raw/Tiny_Chihuahua_Cedric/video1/UCvHJzqB1KZMpZniAVWy3tkA+LUyLRiHh2kY+00001+00000.wav,Tiny_Chihuahua_Cedric,video1,train
/Users/kingsley/Downloads/data/raw/Tiny_Chihuahua_Cedric/video1/UCvHJzqB1KZMpZniAVWy3tkA+LUyLRiHh2kY+00001+00001.wav,Tiny_Chihuahua_Cedric,video1,train
/Users/kingsley/Downloads/data/raw/Tiny_Chihuahua_Cedric/video1/UCvHJzqB1KZMpZniAVWy3tkA+LUyLRiHh2kY+00001+00002.wav,Tiny_Chihuahua_Cedric,video1,train
/Users/kingsley/Downloads/data/raw/Tiny_Chihuahua_Cedric/video2/UCvHJzqB1KZMpZniAVWy3tkA+RbrPN6YHhmM+00005+00000.wav,Tiny_Chihuahua_Cedric,video2,train
/Users/kingsley/Downloads/data/raw/Tiny_Chihuahua_Cedric/video2/UCvHJzqB1KZMpZniAVWy3tkA+RbrPN6YHhmM+00006+00000.wav,Tiny_Chihuahua_Cedric,video2,train
/Users/kingsley/Downloads/data/raw/Tiny_Chihuahua_Cedric/video2/UCvHJzqB1KZMpZniAVWy3tkA+RbrPN6YHhmM+00006+00001.wav,Tiny_Chihuahua_Cedric,video2,train
/Users/kingsley/Downloads/data/raw/Tiny_Chihuahua_Cedric/video2/UCvHJzqB1KZMpZniAVWy3tkA+RbrPN6YHhmM+00007+00000.wav,Tiny_Chihuahua_Cedric,video2,train
/Users/kingsley/Downloads/data/raw/Tiny_Chihuahua_Cedric/video2/UCvHJzqB1KZMpZniAVWy3tkA+RbrPN6YHhmM+00007+00001.wav,Tiny_Chihuahua_Cedric,video2,train
/Users/kingsley/Downloads/data/raw/Tiny_Chihuahua_Cedric/video2/UCvHJzqB1KZMpZniAVWy3tkA+RbrPN6YHhmM+00007+00002.wav,Tiny_Chihuahua_Cedric,video2,train
/Users/kingsley/Downloads/data/raw/Tiny_Chihuahua_Cedric/video2/UCvHJzqB1KZMpZniAVWy3tkA+RbrPN6YHhmM+00007+00003.wav,Tiny_Chihuahua_Cedric,video2,train
/Users/kingsley/Downloads/data/raw/Tiny_Chihuahua_Cedric/video3/UCvHJzqB1KZMpZniAVWy3tkA+aoSeHzcTySg+00003+00000.wav,Tiny_Chihuahua_Cedric,video3,train
/Users/kingsley/Downloads/data/raw/Tiny_Chihuahua_Cedric/video3/UCvHJzqB1KZMpZniAVWy3tkA+aoSeHzcTySg+00003+00001.wav,Tiny_Chihuahua_Cedric,video3,train
/Users/kingsley/Downloads/data/raw/Tiny_Chihuahua_Cedric/video3/UCvHJzqB1KZMpZniAVWy3tkA+aoSeHzcTySg+00003+00002.wav,Tiny_Chihuahua_Cedric,video3,train
/Users/kingsley/Downloads/data/raw/Tiny_Chihuahua_Cedric/video3/UCvHJzqB1KZMpZniAVWy3tkA+aoSeHzcTySg+00003+00003.wav,Tiny_Chihuahua_Cedric,video3,train
/Users/kingsley/Downloads/data/raw/Tiny_Chihuahua_Cedric/video3/UCvHJzqB1KZMpZniAVWy3tkA+aoSeHzcTySg+00003+00004.wav,Tiny_Chihuahua_Cedric,video3,train
/Users/kingsley/Downloads/data/raw/Tiny_Chihuahua_Cedric/video4/UCvHJzqB1KZMpZniAVWy3tkA+GxX1s7ZBkkc+00000+00000.wav,Tiny_Chihuahua_Cedric,video4,test
/Users/kingsley/Downloads/data/raw/Tiny_Chihuahua_Cedric/video4/UCvHJzqB1KZMpZniAVWy3tkA+GxX1s7ZBkkc+00001+00000.wav,Tiny_Chihuahua_Cedric,video4,test
/Users/kingsley/Downloads/data/raw/Tiny_Chihuahua_Cedric/video4/UCvHJzqB1KZMpZniAVWy3tkA+GxX1s7ZBkkc+00001+00001.wav,Tiny_Chihuahua_Cedric,video4,test
/Users/kingsley/Downloads/data/raw/Tiny_Chihuahua_Cedric/video4/UCvHJzqB1KZMpZniAVWy3tkA+GxX1s7ZBkkc+00001+00002.wav,Tiny_Chihuahua_Cedric,video4,test
/Users/kingsley/Downloads/data/raw/Tiny_Chihuahua_Cedric/video4/UCvHJzqB1KZMpZniAVWy3tkA+GxX1s7ZBkkc+00002+00000.wav,Tiny_Chihuahua_Cedric,video4,test
/Users/kingsley/Downloads/data/raw/Tiny_Chihuahua_Cedric/video4/UCvHJzqB1KZMpZniAVWy3tkA+GxX1s7ZBkkc+00002+00001.wav,Tiny_Chihuahua_Cedric,video4,test
/Users/kingsley/Downloads/data/raw/Tiny_Chihuahua_Cedric/video4/UCvHJzqB1KZMpZniAVWy3tkA+GxX1s7ZBkkc+00003+00000.wav,Tiny_Chihuahua_Cedric,video4,test
/Users/kingsley/Downloads/data/raw/Travisthepibble/video1/7286403281541238058-00000_00000.wav,Travisthepibble,video1,train
/Users/kingsley/Downloads/data/raw/Travisthepibble/video1/7286403281541238058-00002_00000.wav,Travisthepibble,video1,train
/Users/kingsley/Downloads/data/raw/Travisthepibble/video1/7286403281541238058-00003_00000.wav,Travisthepibble,video1,train
/Users/kingsley/Downloads/data/raw/Travisthepibble/video1/7286403281541238058-00004_00000.wav,Travisthepibble,video1,train
/Users/kingsley/Downloads/data/raw/Travisthepibble/video1/7286403281541238058-00004_00001.wav,Travisthepibble,video1,train
/Users/kingsley/Downloads/data/raw/Travisthepibble/video1/7286403281541238058-00005_00000.wav,Travisthepibble,video1,train
/Users/kingsley/Downloads/data/raw/Travisthepibble/video1/7286403281541238058-00005_00001.wav,Travisthepibble,video1,train
/Users/kingsley/Downloads/data/raw/Travisthepibble/video2/7400116918688025886-00000_00000.wav,Travisthepibble,video2,train
/Users/kingsley/Downloads/data/raw/Travisthepibble/video2/7400116918688025886-00000_00001.wav,Travisthepibble,video2,train
/Users/kingsley/Downloads/data/raw/Travisthepibble/video2/7400116918688025886-00000_00002.wav,Travisthepibble,video2,train
/Users/kingsley/Downloads/data/raw/Travisthepibble/video2/7400116918688025886-00000_00003.wav,Travisthepibble,video2,train
/Users/kingsley/Downloads/data/raw/Travisthepibble/video2/7400116918688025886-00000_00004.wav,Travisthepibble,video2,train
/Users/kingsley/Downloads/data/raw/Travisthepibble/video2/7400116918688025886-00000_00005.wav,Travisthepibble,video2,train
/Users/kingsley/Downloads/data/raw/Travisthepibble/video2/7400116918688025886-00001_00000.wav,Travisthepibble,video2,train
/Users/kingsley/Downloads/data/raw/Travisthepibble/video3/7195647236288580910-00000_00000.wav,Travisthepibble,video3,train
/Users/kingsley/Downloads/data/raw/Travisthepibble/video3/7195647236288580910-00001_00000.wav,Travisthepibble,video3,train
/Users/kingsley/Downloads/data/raw/Travisthepibble/video3/7195647236288580910-00001_00001.wav,Travisthepibble,video3,train
/Users/kingsley/Downloads/data/raw/Travisthepibble/video3/7195647236288580910-00001_00002.wav,Travisthepibble,video3,train
/Users/kingsley/Downloads/data/raw/Travisthepibble/video3/7195647236288580910-00001_00003.wav,Travisthepibble,video3,train
/Users/kingsley/Downloads/data/raw/Travisthepibble/video3/7195647236288580910-00001_00004.wav,Travisthepibble,video3,train
/Users/kingsley/Downloads/data/raw/Travisthepibble/video3/7195647236288580910-00001_00005.wav,Travisthepibble,video3,train
/Users/kingsley/Downloads/data/raw/Travisthepibble/video3/7195647236288580910-00001_00006.wav,Travisthepibble,video3,train
/Users/kingsley/Downloads/data/raw/Travisthepibble/video3/7195647236288580910-00001_00007.wav,Travisthepibble,video3,train
/Users/kingsley/Downloads/data/raw/Travisthepibble/video4/7351807377034792235-00000_00000.wav,Travisthepibble,video4,test
/Users/kingsley/Downloads/data/raw/Travisthepibble/video4/7351807377034792235-00000_00001.wav,Travisthepibble,video4,test
/Users/kingsley/Downloads/data/raw/Travisthepibble/video4/7351807377034792235-00000_00002.wav,Travisthepibble,video4,test
/Users/kingsley/Downloads/data/raw/Travisthepibble/video4/7351807377034792235-00001_00000.wav,Travisthepibble,video4,test
/Users/kingsley/Downloads/data/raw/Travisthepibble/video4/7351807377034792235-00002_00000.wav,Travisthepibble,video4,test
/Users/kingsley/Downloads/data/raw/Travisthepibble/video4/7351807377034792235-00003_00000.wav,Travisthepibble,video4,test
/Users/kingsley/Downloads/data/raw/Travisthepibble/video4/7351807377034792235-00003_00001.wav,Travisthepibble,video4,test
/Users/kingsley/Downloads/data/raw/Zeusy_The_Talking_Pitty/video1/UCDZsEJjtAn4SlNv-opMiJ0g+wlTgC_dxZMw+00007+00000.wav,Zeusy_The_Talking_Pitty,video1,train
/Users/kingsley/Downloads/data/raw/Zeusy_The_Talking_Pitty/video1/UCDZsEJjtAn4SlNv-opMiJ0g+wlTgC_dxZMw+00009+00000.wav,Zeusy_The_Talking_Pitty,video1,train
/Users/kingsley/Downloads/data/raw/Zeusy_The_Talking_Pitty/video1/UCDZsEJjtAn4SlNv-opMiJ0g+wlTgC_dxZMw+00009+00001.wav,Zeusy_The_Talking_Pitty,video1,train
/Users/kingsley/Downloads/data/raw/Zeusy_The_Talking_Pitty/video1/UCDZsEJjtAn4SlNv-opMiJ0g+wlTgC_dxZMw+00009+00002.wav,Zeusy_The_Talking_Pitty,video1,train
/Users/kingsley/Downloads/data/raw/Zeusy_The_Talking_Pitty/video1/UCDZsEJjtAn4SlNv-opMiJ0g+wlTgC_dxZMw+00013+00000.wav,Zeusy_The_Talking_Pitty,video1,train
/Users/kingsley/Downloads/data/raw/Zeusy_The_Talking_Pitty/video1/UCDZsEJjtAn4SlNv-opMiJ0g+wlTgC_dxZMw+00017+00000.wav,Zeusy_The_Talking_Pitty,video1,train
/Users/kingsley/Downloads/data/raw/Zeusy_The_Talking_Pitty/video1/UCDZsEJjtAn4SlNv-opMiJ0g+wlTgC_dxZMw+00018+00000.wav,Zeusy_The_Talking_Pitty,video1,train
/Users/kingsley/Downloads/data/raw/Zeusy_The_Talking_Pitty/video2/UCDZsEJjtAn4SlNv-opMiJ0g+tHheLZ-0f7Q+00000+00000.wav,Zeusy_The_Talking_Pitty,video2,train
/Users/kingsley/Downloads/data/raw/Zeusy_The_Talking_Pitty/video2/UCDZsEJjtAn4SlNv-opMiJ0g+tHheLZ-0f7Q+00000+00001.wav,Zeusy_The_Talking_Pitty,video2,train
/Users/kingsley/Downloads/data/raw/Zeusy_The_Talking_Pitty/video2/UCDZsEJjtAn4SlNv-opMiJ0g+tHheLZ-0f7Q+00000+00002.wav,Zeusy_The_Talking_Pitty,video2,train
/Users/kingsley/Downloads/data/raw/Zeusy_The_Talking_Pitty/video2/UCDZsEJjtAn4SlNv-opMiJ0g+tHheLZ-0f7Q+00000+00003.wav,Zeusy_The_Talking_Pitty,video2,train
/Users/kingsley/Downloads/data/raw/Zeusy_The_Talking_Pitty/video2/UCDZsEJjtAn4SlNv-opMiJ0g+tHheLZ-0f7Q+00001+00000.wav,Zeusy_The_Talking_Pitty,video2,train
/Users/kingsley/Downloads/data/raw/Zeusy_The_Talking_Pitty/video2/UCDZsEJjtAn4SlNv-opMiJ0g+tHheLZ-0f7Q+00002+00000.wav,Zeusy_The_Talking_Pitty,video2,train
/Users/kingsley/Downloads/data/raw/Zeusy_The_Talking_Pitty/video2/UCDZsEJjtAn4SlNv-opMiJ0g+tHheLZ-0f7Q+00002+00001.wav,Zeusy_The_Talking_Pitty,video2,train
/Users/kingsley/Downloads/data/raw/Zeusy_The_Talking_Pitty/video3/UCDZsEJjtAn4SlNv-opMiJ0g+5hRO9Gk-qpY+00000+00000.wav,Zeusy_The_Talking_Pitty,video3,train
/Users/kingsley/Downloads/data/raw/Zeusy_The_Talking_Pitty/video3/UCDZsEJjtAn4SlNv-opMiJ0g+5hRO9Gk-qpY+00000+00001.wav,Zeusy_The_Talking_Pitty,video3,train
/Users/kingsley/Downloads/data/raw/Zeusy_The_Talking_Pitty/video3/UCDZsEJjtAn4SlNv-opMiJ0g+5hRO9Gk-qpY+00000+00002.wav,Zeusy_The_Talking_Pitty,video3,train
/Users/kingsley/Downloads/data/raw/Zeusy_The_Talking_Pitty/video3/UCDZsEJjtAn4SlNv-opMiJ0g+5hRO9Gk-qpY+00001+00000.wav,Zeusy_The_Talking_Pitty,video3,train
/Users/kingsley/Downloads/data/raw/Zeusy_The_Talking_Pitty/video3/UCDZsEJjtAn4SlNv-opMiJ0g+5hRO9Gk-qpY+00001+00001.wav,Zeusy_The_Talking_Pitty,video3,train
/Users/kingsley/Downloads/data/raw/Zeusy_The_Talking_Pitty/video4/UCDZsEJjtAn4SlNv-opMiJ0g+TZK30n5x9Zk+00000+00000.wav,Zeusy_The_Talking_Pitty,video4,test
/Users/kingsley/Downloads/data/raw/Zeusy_The_Talking_Pitty/video4/UCDZsEJjtAn4SlNv-opMiJ0g+TZK30n5x9Zk+00001+00000.wav,Zeusy_The_Talking_Pitty,video4,test
/Users/kingsley/Downloads/data/raw/Zeusy_The_Talking_Pitty/video4/UCDZsEJjtAn4SlNv-opMiJ0g+TZK30n5x9Zk+00002+00000.wav,Zeusy_The_Talking_Pitty,video4,test
/Users/kingsley/Downloads/data/raw/Zeusy_The_Talking_Pitty/video4/UCDZsEJjtAn4SlNv-opMiJ0g+TZK30n5x9Zk+00003+00000.wav,Zeusy_The_Talking_Pitty,video4,test
/Users/kingsley/Downloads/data/raw/Zeusy_The_Talking_Pitty/video4/UCDZsEJjtAn4SlNv-opMiJ0g+TZK30n5x9Zk+00004+00000.wav,Zeusy_The_Talking_Pitty,video4,test
/Users/kingsley/Downloads/data/raw/Zeusy_The_Talking_Pitty/video4/UCDZsEJjtAn4SlNv-opMiJ0g+TZK30n5x9Zk+00004+00001.wav,Zeusy_The_Talking_Pitty,video4,test
/Users/kingsley/Downloads/data/raw/Zeusy_The_Talking_Pitty/video4/UCDZsEJjtAn4SlNv-opMiJ0g+TZK30n5x9Zk+00004+00002.wav,Zeusy_The_Talking_Pitty,video4,test
/Users/kingsley/Downloads/data/raw/Zeusy_The_Talking_Pitty/video4/UCDZsEJjtAn4SlNv-opMiJ0g+TZK30n5x9Zk+00005+00000.wav,Zeusy_The_Talking_Pitty,video4,test
/Users/kingsley/Downloads/data/raw/Zeusy_The_Talking_Pitty/video4/UCDZsEJjtAn4SlNv-opMiJ0g+TZK30n5x9Zk+00006+00000.wav,Zeusy_The_Talking_Pitty,video4,test
/Users/kingsley/Downloads/data/raw/shiba_inu_TAIGA__柴犬大河/video1/UC1HxIiiQ3798vnfYmHjqfsg+-BoZdc47l-8+00000+00000.wav,shiba_inu_TAIGA__柴犬大河,video1,train
/Users/kingsley/Downloads/data/raw/shiba_inu_TAIGA__柴犬大河/video1/UC1HxIiiQ3798vnfYmHjqfsg+-BoZdc47l-8+00001+00000.wav,shiba_inu_TAIGA__柴犬大河,video1,train
/Users/kingsley/Downloads/data/raw/shiba_inu_TAIGA__柴犬大河/video1/UC1HxIiiQ3798vnfYmHjqfsg+-BoZdc47l-8+00001+00001.wav,shiba_inu_TAIGA__柴犬大河,video1,train
/Users/kingsley/Downloads/data/raw/shiba_inu_TAIGA__柴犬大河/video1/UC1HxIiiQ3798vnfYmHjqfsg+-BoZdc47l-8+00001+00002.wav,shiba_inu_TAIGA__柴犬大河,video1,train
/Users/kingsley/Downloads/data/raw/shiba_inu_TAIGA__柴犬大河/video1/UC1HxIiiQ3798vnfYmHjqfsg+-BoZdc47l-8+00001+00003.wav,shiba_inu_TAIGA__柴犬大河,video1,train
/Users/kingsley/Downloads/data/raw/shiba_inu_TAIGA__柴犬大河/video1/UC1HxIiiQ3798vnfYmHjqfsg+-BoZdc47l-8+00001+00004.wav,shiba_inu_TAIGA__柴犬大河,video1,train
/Users/kingsley/Downloads/data/raw/shiba_inu_TAIGA__柴犬大河/video1/UC1HxIiiQ3798vnfYmHjqfsg+-BoZdc47l-8+00002+00000.wav,shiba_inu_TAIGA__柴犬大河,video1,train
/Users/kingsley/Downloads/data/raw/shiba_inu_TAIGA__柴犬大河/video1/UC1HxIiiQ3798vnfYmHjqfsg+-BoZdc47l-8+00003+00000.wav,shiba_inu_TAIGA__柴犬大河,video1,train
/Users/kingsley/Downloads/data/raw/shiba_inu_TAIGA__柴犬大河/video2/UC1HxIiiQ3798vnfYmHjqfsg+1JEh-pwFxMU+00000+00000.wav,shiba_inu_TAIGA__柴犬大河,video2,train
/Users/kingsley/Downloads/data/raw/shiba_inu_TAIGA__柴犬大河/video2/UC1HxIiiQ3798vnfYmHjqfsg+1JEh-pwFxMU+00000+00001.wav,shiba_inu_TAIGA__柴犬大河,video2,train
/Users/kingsley/Downloads/data/raw/shiba_inu_TAIGA__柴犬大河/video2/UC1HxIiiQ3798vnfYmHjqfsg+1JEh-pwFxMU+00000+00002.wav,shiba_inu_TAIGA__柴犬大河,video2,train
/Users/kingsley/Downloads/data/raw/shiba_inu_TAIGA__柴犬大河/video2/UC1HxIiiQ3798vnfYmHjqfsg+1JEh-pwFxMU+00001+00000.wav,shiba_inu_TAIGA__柴犬大河,video2,train
/Users/kingsley/Downloads/data/raw/shiba_inu_TAIGA__柴犬大河/video2/UC1HxIiiQ3798vnfYmHjqfsg+1JEh-pwFxMU+00001+00001.wav,shiba_inu_TAIGA__柴犬大河,video2,train
/Users/kingsley/Downloads/data/raw/shiba_inu_TAIGA__柴犬大河/video3/UC1HxIiiQ3798vnfYmHjqfsg+1VaubO9PLBM+00002+00000.wav,shiba_inu_TAIGA__柴犬大河,video3,train
/Users/kingsley/Downloads/data/raw/shiba_inu_TAIGA__柴犬大河/video3/UC1HxIiiQ3798vnfYmHjqfsg+1VaubO9PLBM+00002+00001.wav,shiba_inu_TAIGA__柴犬大河,video3,train
/Users/kingsley/Downloads/data/raw/shiba_inu_TAIGA__柴犬大河/video3/UC1HxIiiQ3798vnfYmHjqfsg+1VaubO9PLBM+00003+00000.wav,shiba_inu_TAIGA__柴犬大河,video3,train
/Users/kingsley/Downloads/data/raw/shiba_inu_TAIGA__柴犬大河/video3/UC1HxIiiQ3798vnfYmHjqfsg+1VaubO9PLBM+00005+00000.wav,shiba_inu_TAIGA__柴犬大河,video3,train
/Users/kingsley/Downloads/data/raw/shiba_inu_TAIGA__柴犬大河/video3/UC1HxIiiQ3798vnfYmHjqfsg+1VaubO9PLBM+00006+00000.wav,shiba_inu_TAIGA__柴犬大河,video3,train
/Users/kingsley/Downloads/data/raw/shiba_inu_TAIGA__柴犬大河/video3/UC1HxIiiQ3798vnfYmHjqfsg+1VaubO9PLBM+00007+00000.wav,shiba_inu_TAIGA__柴犬大河,video3,train
/Users/kingsley/Downloads/data/raw/shiba_inu_TAIGA__柴犬大河/video3/UC1HxIiiQ3798vnfYmHjqfsg+1VaubO9PLBM+00008+00000.wav,shiba_inu_TAIGA__柴犬大河,video3,train
/Users/kingsley/Downloads/data/raw/shiba_inu_TAIGA__柴犬大河/video3/UC1HxIiiQ3798vnfYmHjqfsg+1VaubO9PLBM+00010+00000.wav,shiba_inu_TAIGA__柴犬大河,video3,train
/Users/kingsley/Downloads/data/raw/shiba_inu_TAIGA__柴犬大河/video3/UC1HxIiiQ3798vnfYmHjqfsg+1VaubO9PLBM+00011+00000.wav,shiba_inu_TAIGA__柴犬大河,video3,train
/Users/kingsley/Downloads/data/raw/shiba_inu_TAIGA__柴犬大河/video3/UC1HxIiiQ3798vnfYmHjqfsg+1VaubO9PLBM+00011+00001.wav,shiba_inu_TAIGA__柴犬大河,video3,train
/Users/kingsley/Downloads/data/raw/shiba_inu_TAIGA__柴犬大河/video3/UC1HxIiiQ3798vnfYmHjqfsg+1VaubO9PLBM+00012+00000.wav,shiba_inu_TAIGA__柴犬大河,video3,train
/Users/kingsley/Downloads/data/raw/shiba_inu_TAIGA__柴犬大河/video3/UC1HxIiiQ3798vnfYmHjqfsg+1VaubO9PLBM+00012+00001.wav,shiba_inu_TAIGA__柴犬大河,video3,train
/Users/kingsley/Downloads/data/raw/shiba_inu_TAIGA__柴犬大河/video4/UC1HxIiiQ3798vnfYmHjqfsg+1vdeJqoyrys+00000+00000.wav,shiba_inu_TAIGA__柴犬大河,video4,test
/Users/kingsley/Downloads/data/raw/shiba_inu_TAIGA__柴犬大河/video4/UC1HxIiiQ3798vnfYmHjqfsg+1vdeJqoyrys+00001+00000.wav,shiba_inu_TAIGA__柴犬大河,video4,test
/Users/kingsley/Downloads/data/raw/shiba_inu_TAIGA__柴犬大河/video4/UC1HxIiiQ3798vnfYmHjqfsg+1vdeJqoyrys+00002+00000.wav,shiba_inu_TAIGA__柴犬大河,video4,test
/Users/kingsley/Downloads/data/raw/shiba_inu_TAIGA__柴犬大河/video4/UC1HxIiiQ3798vnfYmHjqfsg+1vdeJqoyrys+00002+00001.wav,shiba_inu_TAIGA__柴犬大河,video4,test
/Users/kingsley/Downloads/data/raw/shiba_inu_TAIGA__柴犬大河/video4/UC1HxIiiQ3798vnfYmHjqfsg+1vdeJqoyrys+00003+00000.wav,shiba_inu_TAIGA__柴犬大河,video4,test
/Users/kingsley/Downloads/data/raw/shiba_inu_TAIGA__柴犬大河/video4/UC1HxIiiQ3798vnfYmHjqfsg+1vdeJqoyrys+00004+00000.wav,shiba_inu_TAIGA__柴犬大河,video4,test
/Users/kingsley/Downloads/data/raw/shiba_inu_TAIGA__柴犬大河/video4/UC1HxIiiQ3798vnfYmHjqfsg+1vdeJqoyrys+00004+00001.wav,shiba_inu_TAIGA__柴犬大河,video4,test
/Users/kingsley/Downloads/data/raw/shiba_inu_TAIGA__柴犬大河/video4/UC1HxIiiQ3798vnfYmHjqfsg+1vdeJqoyrys+00005+00000.wav,shiba_inu_TAIGA__柴犬大河,video4,test
/Users/kingsley/Downloads/data/raw/shiba_inu_TAIGA__柴犬大河/video4/UC1HxIiiQ3798vnfYmHjqfsg+1vdeJqoyrys+00005+00001.wav,shiba_inu_TAIGA__柴犬大河,video4,test
/Users/kingsley/Downloads/data/raw/よりめのはちくん。/video1/UCMMhK-o0Txrl_a7ta4YvuQQ+-LSF2rKDRL4+00006+00000.wav,よりめのはちくん。,video1,train
/Users/kingsley/Downloads/data/raw/よりめのはちくん。/video1/UCMMhK-o0Txrl_a7ta4YvuQQ+-LSF2rKDRL4+00006+00001.wav,よりめのはちくん。,video1,train
/Users/kingsley/Downloads/data/raw/よりめのはちくん。/video1/UCMMhK-o0Txrl_a7ta4YvuQQ+-LSF2rKDRL4+00006+00002.wav,よりめのはちくん。,video1,train
/Users/kingsley/Downloads/data/raw/よりめのはちくん。/video1/UCMMhK-o0Txrl_a7ta4YvuQQ+-LSF2rKDRL4+00007+00000.wav,よりめのはちくん。,video1,train
/Users/kingsley/Downloads/data/raw/よりめのはちくん。/video1/UCMMhK-o0Txrl_a7ta4YvuQQ+-LSF2rKDRL4+00008+00000.wav,よりめのはちくん。,video1,train
/Users/kingsley/Downloads/data/raw/よりめのはちくん。/video2/UCMMhK-o0Txrl_a7ta4YvuQQ+-P9CGSSwpOk+00000+00000.wav,よりめのはちくん。,video2,train
/Users/kingsley/Downloads/data/raw/よりめのはちくん。/video2/UCMMhK-o0Txrl_a7ta4YvuQQ+-P9CGSSwpOk+00003+00000.wav,よりめのはちくん。,video2,train
/Users/kingsley/Downloads/data/raw/よりめのはちくん。/video2/UCMMhK-o0Txrl_a7ta4YvuQQ+-P9CGSSwpOk+00003+00001.wav,よりめのはちくん。,video2,train
/Users/kingsley/Downloads/data/raw/よりめのはちくん。/video2/UCMMhK-o0Txrl_a7ta4YvuQQ+-P9CGSSwpOk+00004+00000.wav,よりめのはちくん。,video2,train
/Users/kingsley/Downloads/data/raw/よりめのはちくん。/video2/UCMMhK-o0Txrl_a7ta4YvuQQ+-P9CGSSwpOk+00005+00000.wav,よりめのはちくん。,video2,train
/Users/kingsley/Downloads/data/raw/よりめのはちくん。/video2/UCMMhK-o0Txrl_a7ta4YvuQQ+-P9CGSSwpOk+00010+00000.wav,よりめのはちくん。,video2,train
/Users/kingsley/Downloads/data/raw/よりめのはちくん。/video2/UCMMhK-o0Txrl_a7ta4YvuQQ+-P9CGSSwpOk+00010+00001.wav,よりめのはちくん。,video2,train
/Users/kingsley/Downloads/data/raw/よりめのはちくん。/video2/UCMMhK-o0Txrl_a7ta4YvuQQ+-P9CGSSwpOk+00011+00000.wav,よりめのはちくん。,video2,train
/Users/kingsley/Downloads/data/raw/よりめのはちくん。/video3/UCMMhK-o0Txrl_a7ta4YvuQQ+-StmlVVybQ8+00000+00000.wav,よりめのはちくん。,video3,train
/Users/kingsley/Downloads/data/raw/よりめのはちくん。/video3/UCMMhK-o0Txrl_a7ta4YvuQQ+-StmlVVybQ8+00001+00000.wav,よりめのはちくん。,video3,train
/Users/kingsley/Downloads/data/raw/よりめのはちくん。/video3/UCMMhK-o0Txrl_a7ta4YvuQQ+-StmlVVybQ8+00001+00001.wav,よりめのはちくん。,video3,train
/Users/kingsley/Downloads/data/raw/よりめのはちくん。/video3/UCMMhK-o0Txrl_a7ta4YvuQQ+-StmlVVybQ8+00011+00000.wav,よりめのはちくん。,video3,train
/Users/kingsley/Downloads/data/raw/よりめのはちくん。/video3/UCMMhK-o0Txrl_a7ta4YvuQQ+-StmlVVybQ8+00011+00001.wav,よりめのはちくん。,video3,train
/Users/kingsley/Downloads/data/raw/よりめのはちくん。/video3/UCMMhK-o0Txrl_a7ta4YvuQQ+-StmlVVybQ8+00012+00000.wav,よりめのはちくん。,video3,train
/Users/kingsley/Downloads/data/raw/よりめのはちくん。/video3/UCMMhK-o0Txrl_a7ta4YvuQQ+-StmlVVybQ8+00013+00000.wav,よりめのはちくん。,video3,train
/Users/kingsley/Downloads/data/raw/よりめのはちくん。/video3/UCMMhK-o0Txrl_a7ta4YvuQQ+-StmlVVybQ8+00014+00000.wav,よりめのはちくん。,video3,train
/Users/kingsley/Downloads/data/raw/よりめのはちくん。/video3/UCMMhK-o0Txrl_a7ta4YvuQQ+-StmlVVybQ8+00015+00000.wav,よりめのはちくん。,video3,train
/Users/kingsley/Downloads/data/raw/よりめのはちくん。/video4/UCMMhK-o0Txrl_a7ta4YvuQQ+nPeewGQ4m9M+00004+00000.wav,よりめのはちくん。,video4,test
/Users/kingsley/Downloads/data/raw/よりめのはちくん。/video4/UCMMhK-o0Txrl_a7ta4YvuQQ+nPeewGQ4m9M+00005+00000.wav,よりめのはちくん。,video4,test
/Users/kingsley/Downloads/data/raw/よりめのはちくん。/video4/UCMMhK-o0Txrl_a7ta4YvuQQ+nPeewGQ4m9M+00006+00000.wav,よりめのはちくん。,video4,test
/Users/kingsley/Downloads/data/raw/よりめのはちくん。/video4/UCMMhK-o0Txrl_a7ta4YvuQQ+nPeewGQ4m9M+00007+00000.wav,よりめのはちくん。,video4,test
/Users/kingsley/Downloads/data/raw/よりめのはちくん。/video4/UCMMhK-o0Txrl_a7ta4YvuQQ+nPeewGQ4m9M+00007+00001.wav,よりめのはちくん。,video4,test
/Users/kingsley/Downloads/data/raw/よりめのはちくん。/video4/UCMMhK-o0Txrl_a7ta4YvuQQ+nPeewGQ4m9M+00009+00000.wav,よりめのはちくん。,video4,test
/Users/kingsley/Downloads/data/raw/よりめのはちくん。/video4/UCMMhK-o0Txrl_a7ta4YvuQQ+nPeewGQ4m9M+00010+00000.wav,よりめのはちくん。,video4,test
/Users/kingsley/Downloads/data/raw/シヴァ犬こむぎっす-KOMUGI/video1/UCtq-YnnMcvIB3MFF8zfl1-Q+-O4AfM5tUV4+00000+00000.wav,シヴァ犬こむぎっす-KOMUGI,video1,train
/Users/kingsley/Downloads/data/raw/シヴァ犬こむぎっす-KOMUGI/video1/UCtq-YnnMcvIB3MFF8zfl1-Q+-O4AfM5tUV4+00001+00000.wav,シヴァ犬こむぎっす-KOMUGI,video1,train
/Users/kingsley/Downloads/data/raw/シヴァ犬こむぎっす-KOMUGI/video1/UCtq-YnnMcvIB3MFF8zfl1-Q+-O4AfM5tUV4+00002+00000.wav,シヴァ犬こむぎっす-KOMUGI,video1,train
/Users/kingsley/Downloads/data/raw/シヴァ犬こむぎっす-KOMUGI/video1/UCtq-YnnMcvIB3MFF8zfl1-Q+-O4AfM5tUV4+00004+00000.wav,シヴァ犬こむぎっす-KOMUGI,video1,train
/Users/kingsley/Downloads/data/raw/シヴァ犬こむぎっす-KOMUGI/video1/UCtq-YnnMcvIB3MFF8zfl1-Q+-O4AfM5tUV4+00005+00000.wav,シヴァ犬こむぎっす-KOMUGI,video1,train
/Users/kingsley/Downloads/data/raw/シヴァ犬こむぎっす-KOMUGI/video1/UCtq-YnnMcvIB3MFF8zfl1-Q+-O4AfM5tUV4+00006+00000.wav,シヴァ犬こむぎっす-KOMUGI,video1,train
/Users/kingsley/Downloads/data/raw/シヴァ犬こむぎっす-KOMUGI/video1/UCtq-YnnMcvIB3MFF8zfl1-Q+-O4AfM5tUV4+00007+00000.wav,シヴァ犬こむぎっす-KOMUGI,video1,train
/Users/kingsley/Downloads/data/raw/シヴァ犬こむぎっす-KOMUGI/video2/UCtq-YnnMcvIB3MFF8zfl1-Q+0dMVlxfwWzY+00000+00000.wav,シヴァ犬こむぎっす-KOMUGI,video2,train
/Users/kingsley/Downloads/data/raw/シヴァ犬こむぎっす-KOMUGI/video2/UCtq-YnnMcvIB3MFF8zfl1-Q+0dMVlxfwWzY+00001+00000.wav,シヴァ犬こむぎっす-KOMUGI,video2,train
/Users/kingsley/Downloads/data/raw/シヴァ犬こむぎっす-KOMUGI/video2/UCtq-YnnMcvIB3MFF8zfl1-Q+0dMVlxfwWzY+00001+00001.wav,シヴァ犬こむぎっす-KOMUGI,video2,train
/Users/kingsley/Downloads/data/raw/シヴァ犬こむぎっす-KOMUGI/video2/UCtq-YnnMcvIB3MFF8zfl1-Q+0dMVlxfwWzY+00002+00000.wav,シヴァ犬こむぎっす-KOMUGI,video2,train
/Users/kingsley/Downloads/data/raw/シヴァ犬こむぎっす-KOMUGI/video2/UCtq-YnnMcvIB3MFF8zfl1-Q+0dMVlxfwWzY+00002+00001.wav,シヴァ犬こむぎっす-KOMUGI,video2,train
/Users/kingsley/Downloads/data/raw/シヴァ犬こむぎっす-KOMUGI/video2/UCtq-YnnMcvIB3MFF8zfl1-Q+0dMVlxfwWzY+00003+00000.wav,シヴァ犬こむぎっす-KOMUGI,video2,train
/Users/kingsley/Downloads/data/raw/シヴァ犬こむぎっす-KOMUGI/video2/UCtq-YnnMcvIB3MFF8zfl1-Q+0dMVlxfwWzY+00005+00000.wav,シヴァ犬こむぎっす-KOMUGI,video2,train
/Users/kingsley/Downloads/data/raw/シヴァ犬こむぎっす-KOMUGI/video2/UCtq-YnnMcvIB3MFF8zfl1-Q+0dMVlxfwWzY+00005+00001.wav,シヴァ犬こむぎっす-KOMUGI,video2,train
/Users/kingsley/Downloads/data/raw/シヴァ犬こむぎっす-KOMUGI/video2/UCtq-YnnMcvIB3MFF8zfl1-Q+0dMVlxfwWzY+00006+00000.wav,シヴァ犬こむぎっす-KOMUGI,video2,train
/Users/kingsley/Downloads/data/raw/シヴァ犬こむぎっす-KOMUGI/video2/UCtq-YnnMcvIB3MFF8zfl1-Q+0dMVlxfwWzY+00007+00000.wav,シヴァ犬こむぎっす-KOMUGI,video2,train
/Users/kingsley/Downloads/data/raw/シヴァ犬こむぎっす-KOMUGI/video3/UCtq-YnnMcvIB3MFF8zfl1-Q+0Lw1ZTx1ufw+00000+00000.wav,シヴァ犬こむぎっす-KOMUGI,video3,train
/Users/kingsley/Downloads/data/raw/シヴァ犬こむぎっす-KOMUGI/video3/UCtq-YnnMcvIB3MFF8zfl1-Q+0Lw1ZTx1ufw+00001+00000.wav,シヴァ犬こむぎっす-KOMUGI,video3,train
/Users/kingsley/Downloads/data/raw/シヴァ犬こむぎっす-KOMUGI/video3/UCtq-YnnMcvIB3MFF8zfl1-Q+0Lw1ZTx1ufw+00002+00000.wav,シヴァ犬こむぎっす-KOMUGI,video3,train
/Users/kingsley/Downloads/data/raw/シヴァ犬こむぎっす-KOMUGI/video3/UCtq-YnnMcvIB3MFF8zfl1-Q+0Lw1ZTx1ufw+00003+00000.wav,シヴァ犬こむぎっす-KOMUGI,video3,train
/Users/kingsley/Downloads/data/raw/シヴァ犬こむぎっす-KOMUGI/video3/UCtq-YnnMcvIB3MFF8zfl1-Q+0Lw1ZTx1ufw+00003+00001.wav,シヴァ犬こむぎっす-KOMUGI,video3,train
/Users/kingsley/Downloads/data/raw/シヴァ犬こむぎっす-KOMUGI/video3/UCtq-YnnMcvIB3MFF8zfl1-Q+0Lw1ZTx1ufw+00004+00000.wav,シヴァ犬こむぎっす-KOMUGI,video3,train
/Users/kingsley/Downloads/data/raw/シヴァ犬こむぎっす-KOMUGI/video3/UCtq-YnnMcvIB3MFF8zfl1-Q+0Lw1ZTx1ufw+00004+00001.wav,シヴァ犬こむぎっす-KOMUGI,video3,train
/Users/kingsley/Downloads/data/raw/シヴァ犬こむぎっす-KOMUGI/video3/UCtq-YnnMcvIB3MFF8zfl1-Q+0Lw1ZTx1ufw+00004+00002.wav,シヴァ犬こむぎっす-KOMUGI,video3,train
/Users/kingsley/Downloads/data/raw/シヴァ犬こむぎっす-KOMUGI/video3/UCtq-YnnMcvIB3MFF8zfl1-Q+0Lw1ZTx1ufw+00005+00000.wav,シヴァ犬こむぎっす-KOMUGI,video3,train
/Users/kingsley/Downloads/data/raw/シヴァ犬こむぎっす-KOMUGI/video4/UCtq-YnnMcvIB3MFF8zfl1-Q+1c7aGUXeedQ+00000+00000.wav,シヴァ犬こむぎっす-KOMUGI,video4,test
/Users/kingsley/Downloads/data/raw/シヴァ犬こむぎっす-KOMUGI/video4/UCtq-YnnMcvIB3MFF8zfl1-Q+1c7aGUXeedQ+00001+00000.wav,シヴァ犬こむぎっす-KOMUGI,video4,test
/Users/kingsley/Downloads/data/raw/シヴァ犬こむぎっす-KOMUGI/video4/UCtq-YnnMcvIB3MFF8zfl1-Q+1c7aGUXeedQ+00002+00000.wav,シヴァ犬こむぎっす-KOMUGI,video4,test
/Users/kingsley/Downloads/data/raw/シヴァ犬こむぎっす-KOMUGI/video4/UCtq-YnnMcvIB3MFF8zfl1-Q+1c7aGUXeedQ+00002+00001.wav,シヴァ犬こむぎっす-KOMUGI,video4,test
/Users/kingsley/Downloads/data/raw/シヴァ犬こむぎっす-KOMUGI/video4/UCtq-YnnMcvIB3MFF8zfl1-Q+1c7aGUXeedQ+00002+00002.wav,シヴァ犬こむぎっす-KOMUGI,video4,test
/Users/kingsley/Downloads/data/raw/シヴァ犬こむぎっす-KOMUGI/video4/UCtq-YnnMcvIB3MFF8zfl1-Q+1c7aGUXeedQ+00002+00003.wav,シヴァ犬こむぎっす-KOMUGI,video4,test
/Users/kingsley/Downloads/data/raw/シヴァ犬こむぎっす-KOMUGI/video4/UCtq-YnnMcvIB3MFF8zfl1-Q+1c7aGUXeedQ+00003+00000.wav,シヴァ犬こむぎっす-KOMUGI,video4,test
/Users/kingsley/Downloads/data/raw/シヴァ犬こむぎっす-KOMUGI/video4/UCtq-YnnMcvIB3MFF8zfl1-Q+1c7aGUXeedQ+00004+00000.wav,シヴァ犬こむぎっす-KOMUGI,video4,test
/Users/kingsley/Downloads/data/raw/シヴァ犬こむぎっす-KOMUGI/video4/UCtq-YnnMcvIB3MFF8zfl1-Q+1c7aGUXeedQ+00005+00000.wav,シヴァ犬こむぎっす-KOMUGI,video4,test
/Users/kingsley/Downloads/data/raw/柴犬でんちゃん/video1/UCJrCYhv67hcAlk7dI9469fQ+-Vkvxwfyn9E+00004+00000.wav,柴犬でんちゃん,video1,train
/Users/kingsley/Downloads/data/raw/柴犬でんちゃん/video1/UCJrCYhv67hcAlk7dI9469fQ+-Vkvxwfyn9E+00005+00000.wav,柴犬でんちゃん,video1,train
/Users/kingsley/Downloads/data/raw/柴犬でんちゃん/video1/UCJrCYhv67hcAlk7dI9469fQ+-Vkvxwfyn9E+00005+00001.wav,柴犬でんちゃん,video1,train
/Users/kingsley/Downloads/data/raw/柴犬でんちゃん/video1/UCJrCYhv67hcAlk7dI9469fQ+-Vkvxwfyn9E+00006+00000.wav,柴犬でんちゃん,video1,train
/Users/kingsley/Downloads/data/raw/柴犬でんちゃん/video1/UCJrCYhv67hcAlk7dI9469fQ+-Vkvxwfyn9E+00008+00000.wav,柴犬でんちゃん,video1,train
/Users/kingsley/Downloads/data/raw/柴犬でんちゃん/video1/UCJrCYhv67hcAlk7dI9469fQ+-Vkvxwfyn9E+00008+00001.wav,柴犬でんちゃん,video1,train
/Users/kingsley/Downloads/data/raw/柴犬でんちゃん/video1/UCJrCYhv67hcAlk7dI9469fQ+-Vkvxwfyn9E+00009+00000.wav,柴犬でんちゃん,video1,train
/Users/kingsley/Downloads/data/raw/柴犬でんちゃん/video2/UCJrCYhv67hcAlk7dI9469fQ+0A-wI3Chgnc+00000+00000.wav,柴犬でんちゃん,video2,train
/Users/kingsley/Downloads/data/raw/柴犬でんちゃん/video2/UCJrCYhv67hcAlk7dI9469fQ+0A-wI3Chgnc+00000+00001.wav,柴犬でんちゃん,video2,train
/Users/kingsley/Downloads/data/raw/柴犬でんちゃん/video2/UCJrCYhv67hcAlk7dI9469fQ+0A-wI3Chgnc+00000+00002.wav,柴犬でんちゃん,video2,train
/Users/kingsley/Downloads/data/raw/柴犬でんちゃん/video2/UCJrCYhv67hcAlk7dI9469fQ+0A-wI3Chgnc+00001+00000.wav,柴犬でんちゃん,video2,train
/Users/kingsley/Downloads/data/raw/柴犬でんちゃん/video2/UCJrCYhv67hcAlk7dI9469fQ+0A-wI3Chgnc+00001+00001.wav,柴犬でんちゃん,video2,train
/Users/kingsley/Downloads/data/raw/柴犬でんちゃん/video2/UCJrCYhv67hcAlk7dI9469fQ+0A-wI3Chgnc+00001+00002.wav,柴犬でんちゃん,video2,train
/Users/kingsley/Downloads/data/raw/柴犬でんちゃん/video2/UCJrCYhv67hcAlk7dI9469fQ+0A-wI3Chgnc+00001+00003.wav,柴犬でんちゃん,video2,train
/Users/kingsley/Downloads/data/raw/柴犬でんちゃん/video2/UCJrCYhv67hcAlk7dI9469fQ+0A-wI3Chgnc+00002+00000.wav,柴犬でんちゃん,video2,train
/Users/kingsley/Downloads/data/raw/柴犬でんちゃん/video2/UCJrCYhv67hcAlk7dI9469fQ+0A-wI3Chgnc+00002+00001.wav,柴犬でんちゃん,video2,train
/Users/kingsley/Downloads/data/raw/柴犬でんちゃん/video2/UCJrCYhv67hcAlk7dI9469fQ+0A-wI3Chgnc+00002+00002.wav,柴犬でんちゃん,video2,train
/Users/kingsley/Downloads/data/raw/柴犬でんちゃん/video2/UCJrCYhv67hcAlk7dI9469fQ+0A-wI3Chgnc+00002+00003.wav,柴犬でんちゃん,video2,train
/Users/kingsley/Downloads/data/raw/柴犬でんちゃん/video2/UCJrCYhv67hcAlk7dI9469fQ+0A-wI3Chgnc+00002+00004.wav,柴犬でんちゃん,video2,train
/Users/kingsley/Downloads/data/raw/柴犬でんちゃん/video2/UCJrCYhv67hcAlk7dI9469fQ+0A-wI3Chgnc+00003+00000.wav,柴犬でんちゃん,video2,train
/Users/kingsley/Downloads/data/raw/柴犬でんちゃん/video2/UCJrCYhv67hcAlk7dI9469fQ+0A-wI3Chgnc+00005+00000.wav,柴犬でんちゃん,video2,train
/Users/kingsley/Downloads/data/raw/柴犬でんちゃん/video2/UCJrCYhv67hcAlk7dI9469fQ+0A-wI3Chgnc+00005+00001.wav,柴犬でんちゃん,video2,train
/Users/kingsley/Downloads/data/raw/柴犬でんちゃん/video3/UCJrCYhv67hcAlk7dI9469fQ+0GZWFv6W5mw+00000+00000.wav,柴犬でんちゃん,video3,train
/Users/kingsley/Downloads/data/raw/柴犬でんちゃん/video3/UCJrCYhv67hcAlk7dI9469fQ+0GZWFv6W5mw+00003+00000.wav,柴犬でんちゃん,video3,train
/Users/kingsley/Downloads/data/raw/柴犬でんちゃん/video3/UCJrCYhv67hcAlk7dI9469fQ+0GZWFv6W5mw+00004+00000.wav,柴犬でんちゃん,video3,train
/Users/kingsley/Downloads/data/raw/柴犬でんちゃん/video3/UCJrCYhv67hcAlk7dI9469fQ+0GZWFv6W5mw+00006+00000.wav,柴犬でんちゃん,video3,train
/Users/kingsley/Downloads/data/raw/柴犬でんちゃん/video3/UCJrCYhv67hcAlk7dI9469fQ+0GZWFv6W5mw+00007+00000.wav,柴犬でんちゃん,video3,train
/Users/kingsley/Downloads/data/raw/柴犬でんちゃん/video3/UCJrCYhv67hcAlk7dI9469fQ+0GZWFv6W5mw+00009+00000.wav,柴犬でんちゃん,video3,train
/Users/kingsley/Downloads/data/raw/柴犬でんちゃん/video3/UCJrCYhv67hcAlk7dI9469fQ+0GZWFv6W5mw+00009+00001.wav,柴犬でんちゃん,video3,train
/Users/kingsley/Downloads/data/raw/柴犬でんちゃん/video3/UCJrCYhv67hcAlk7dI9469fQ+0GZWFv6W5mw+00009+00002.wav,柴犬でんちゃん,video3,train
/Users/kingsley/Downloads/data/raw/柴犬でんちゃん/video4/UCJrCYhv67hcAlk7dI9469fQ+1Mroz33oDrY+00000+00000.wav,柴犬でんちゃん,video4,test
/Users/kingsley/Downloads/data/raw/柴犬でんちゃん/video4/UCJrCYhv67hcAlk7dI9469fQ+1Mroz33oDrY+00000+00001.wav,柴犬でんちゃん,video4,test
/Users/kingsley/Downloads/data/raw/柴犬でんちゃん/video4/UCJrCYhv67hcAlk7dI9469fQ+1Mroz33oDrY+00001+00000.wav,柴犬でんちゃん,video4,test
/Users/kingsley/Downloads/data/raw/柴犬でんちゃん/video4/UCJrCYhv67hcAlk7dI9469fQ+1Mroz33oDrY+00001+00001.wav,柴犬でんちゃん,video4,test
/Users/kingsley/Downloads/data/raw/柴犬でんちゃん/video4/UCJrCYhv67hcAlk7dI9469fQ+1Mroz33oDrY+00001+00002.wav,柴犬でんちゃん,video4,test
/Users/kingsley/Downloads/data/raw/柴犬でんちゃん/video4/UCJrCYhv67hcAlk7dI9469fQ+1Mroz33oDrY+00002+00000.wav,柴犬でんちゃん,video4,test
/Users/kingsley/Downloads/data/raw/柴犬でんちゃん/video4/UCJrCYhv67hcAlk7dI9469fQ+1Mroz33oDrY+00002+00001.wav,柴犬でんちゃん,video4,test
/Users/kingsley/Downloads/data/raw/柴犬でんちゃん/video4/UCJrCYhv67hcAlk7dI9469fQ+1Mroz33oDrY+00002+00002.wav,柴犬でんちゃん,video4,test
/Users/kingsley/Downloads/data/raw/柴犬でんちゃん/video4/UCJrCYhv67hcAlk7dI9469fQ+1Mroz33oDrY+00002+00003.wav,柴犬でんちゃん,video4,test
/Users/kingsley/Downloads/data/raw/柴犬でんちゃん/video4/UCJrCYhv67hcAlk7dI9469fQ+1Mroz33oDrY+00002+00004.wav,柴犬でんちゃん,video4,test
/Users/kingsley/Downloads/data/raw/柴犬でんちゃん/video4/UCJrCYhv67hcAlk7dI9469fQ+1Mroz33oDrY+00002+00005.wav,柴犬でんちゃん,video4,test
/Users/kingsley/Downloads/data/raw/柴犬でんちゃん/video4/UCJrCYhv67hcAlk7dI9469fQ+1Mroz33oDrY+00002+00006.wav,柴犬でんちゃん,video4,test
/Users/kingsley/Downloads/data/raw/柴犬でんちゃん/video4/UCJrCYhv67hcAlk7dI9469fQ+1Mroz33oDrY+00002+00007.wav,柴犬でんちゃん,video4,test
/Users/kingsley/Downloads/data/raw/柴犬でんちゃん/video4/UCJrCYhv67hcAlk7dI9469fQ+1Mroz33oDrY+00003+00000.wav,柴犬でんちゃん,video4,test
/Users/kingsley/Downloads/data/raw/柴犬でんちゃん/video4/UCJrCYhv67hcAlk7dI9469fQ+1Mroz33oDrY+00003+00001.wav,柴犬でんちゃん,video4,test
/Users/kingsley/Downloads/data/raw/柴犬でんちゃん/video4/UCJrCYhv67hcAlk7dI9469fQ+1Mroz33oDrY+00003+00002.wav,柴犬でんちゃん,video4,test
/Users/kingsley/Downloads/data/raw/柴犬でんちゃん/video4/UCJrCYhv67hcAlk7dI9469fQ+1Mroz33oDrY+00003+00003.wav,柴犬でんちゃん,video4,test
/Users/kingsley/Downloads/data/raw/柴犬でんちゃん/video4/UCJrCYhv67hcAlk7dI9469fQ+1Mroz33oDrY+00004+00000.wav,柴犬でんちゃん,video4,test
/Users/kingsley/Downloads/data/raw/柴犬でんちゃん/video4/UCJrCYhv67hcAlk7dI9469fQ+1Mroz33oDrY+00004+00001.wav,柴犬でんちゃん,video4,test
/Users/kingsley/Downloads/data/raw/柴犬でんちゃん/video4/UCJrCYhv67hcAlk7dI9469fQ+1Mroz33oDrY+00005+00000.wav,柴犬でんちゃん,video4,test
/Users/kingsley/Downloads/data/raw/柴犬とん-Shiba_Inu_Ton-/video1/7065077534987226370-00000_00000.wav,柴犬とん-Shiba_Inu_Ton-,video1,train
/Users/kingsley/Downloads/data/raw/柴犬とん-Shiba_Inu_Ton-/video1/7065077534987226370-00002_00000.wav,柴犬とん-Shiba_Inu_Ton-,video1,train
/Users/kingsley/Downloads/data/raw/柴犬とん-Shiba_Inu_Ton-/video1/7065077534987226370-00002_00001.wav,柴犬とん-Shiba_Inu_Ton-,video1,train
/Users/kingsley/Downloads/data/raw/柴犬とん-Shiba_Inu_Ton-/video1/7065077534987226370-00002_00002.wav,柴犬とん-Shiba_Inu_Ton-,video1,train
/Users/kingsley/Downloads/data/raw/柴犬とん-Shiba_Inu_Ton-/video1/7065077534987226370-00002_00003.wav,柴犬とん-Shiba_Inu_Ton-,video1,train
/Users/kingsley/Downloads/data/raw/柴犬とん-Shiba_Inu_Ton-/video1/7065077534987226370-00002_00004.wav,柴犬とん-Shiba_Inu_Ton-,video1,train
/Users/kingsley/Downloads/data/raw/柴犬とん-Shiba_Inu_Ton-/video2/7163808840742407426-00000_00000.wav,柴犬とん-Shiba_Inu_Ton-,video2,train
/Users/kingsley/Downloads/data/raw/柴犬とん-Shiba_Inu_Ton-/video2/7163808840742407426-00000_00001.wav,柴犬とん-Shiba_Inu_Ton-,video2,train
/Users/kingsley/Downloads/data/raw/柴犬とん-Shiba_Inu_Ton-/video2/7163808840742407426-00001_00000.wav,柴犬とん-Shiba_Inu_Ton-,video2,train
/Users/kingsley/Downloads/data/raw/柴犬とん-Shiba_Inu_Ton-/video2/7163808840742407426-00001_00001.wav,柴犬とん-Shiba_Inu_Ton-,video2,train
/Users/kingsley/Downloads/data/raw/柴犬とん-Shiba_Inu_Ton-/video2/7163808840742407426-00001_00002.wav,柴犬とん-Shiba_Inu_Ton-,video2,train
/Users/kingsley/Downloads/data/raw/柴犬とん-Shiba_Inu_Ton-/video2/7163808840742407426-00001_00003.wav,柴犬とん-Shiba_Inu_Ton-,video2,train
/Users/kingsley/Downloads/data/raw/柴犬とん-Shiba_Inu_Ton-/video2/7163808840742407426-00001_00004.wav,柴犬とん-Shiba_Inu_Ton-,video2,train
/Users/kingsley/Downloads/data/raw/柴犬とん-Shiba_Inu_Ton-/video3/7182023559936494850-00000_00000.wav,柴犬とん-Shiba_Inu_Ton-,video3,train
/Users/kingsley/Downloads/data/raw/柴犬とん-Shiba_Inu_Ton-/video3/7182023559936494850-00001_00000.wav,柴犬とん-Shiba_Inu_Ton-,video3,train
/Users/kingsley/Downloads/data/raw/柴犬とん-Shiba_Inu_Ton-/video3/7182023559936494850-00002_00000.wav,柴犬とん-Shiba_Inu_Ton-,video3,train
/Users/kingsley/Downloads/data/raw/柴犬とん-Shiba_Inu_Ton-/video3/7182023559936494850-00002_00001.wav,柴犬とん-Shiba_Inu_Ton-,video3,train
/Users/kingsley/Downloads/data/raw/柴犬とん-Shiba_Inu_Ton-/video3/7182023559936494850-00002_00002.wav,柴犬とん-Shiba_Inu_Ton-,video3,train
/Users/kingsley/Downloads/data/raw/柴犬とん-Shiba_Inu_Ton-/video3/7182023559936494850-00002_00003.wav,柴犬とん-Shiba_Inu_Ton-,video3,train
/Users/kingsley/Downloads/data/raw/柴犬とん-Shiba_Inu_Ton-/video3/7182023559936494850-00002_00004.wav,柴犬とん-Shiba_Inu_Ton-,video3,train
/Users/kingsley/Downloads/data/raw/柴犬とん-Shiba_Inu_Ton-/video3/7182023559936494850-00002_00005.wav,柴犬とん-Shiba_Inu_Ton-,video3,train
/Users/kingsley/Downloads/data/raw/柴犬とん-Shiba_Inu_Ton-/video3/7182023559936494850-00002_00006.wav,柴犬とん-Shiba_Inu_Ton-,video3,train
/Users/kingsley/Downloads/data/raw/柴犬とん-Shiba_Inu_Ton-/video4/7353455053992168711-00000_00000.wav,柴犬とん-Shiba_Inu_Ton-,video4,test
/Users/kingsley/Downloads/data/raw/柴犬とん-Shiba_Inu_Ton-/video4/7353455053992168711-00000_00001.wav,柴犬とん-Shiba_Inu_Ton-,video4,test
/Users/kingsley/Downloads/data/raw/柴犬とん-Shiba_Inu_Ton-/video4/7353455053992168711-00000_00002.wav,柴犬とん-Shiba_Inu_Ton-,video4,test
/Users/kingsley/Downloads/data/raw/柴犬とん-Shiba_Inu_Ton-/video4/7353455053992168711-00001_00000.wav,柴犬とん-Shiba_Inu_Ton-,video4,test
/Users/kingsley/Downloads/data/raw/柴犬とん-Shiba_Inu_Ton-/video4/7353455053992168711-00002_00000.wav,柴犬とん-Shiba_Inu_Ton-,video4,test
/Users/kingsley/Downloads/data/raw/柴犬とん-Shiba_Inu_Ton-/video4/7353455053992168711-00003_00000.wav,柴犬とん-Shiba_Inu_Ton-,video4,test
/Users/kingsley/Downloads/data/raw/柴犬ハマ吉_shiba_inu_hamakiti/video1/UCVyS6sfo6X5VDezNO6jcQ_A+N-8fpb-_L3U+00000+00000.wav,柴犬ハマ吉_shiba_inu_hamakiti,video1,train
/Users/kingsley/Downloads/data/raw/柴犬ハマ吉_shiba_inu_hamakiti/video1/UCVyS6sfo6X5VDezNO6jcQ_A+N-8fpb-_L3U+00000+00001.wav,柴犬ハマ吉_shiba_inu_hamakiti,video1,train
/Users/kingsley/Downloads/data/raw/柴犬ハマ吉_shiba_inu_hamakiti/video1/UCVyS6sfo6X5VDezNO6jcQ_A+N-8fpb-_L3U+00000+00002.wav,柴犬ハマ吉_shiba_inu_hamakiti,video1,train
/Users/kingsley/Downloads/data/raw/柴犬ハマ吉_shiba_inu_hamakiti/video1/UCVyS6sfo6X5VDezNO6jcQ_A+N-8fpb-_L3U+00000+00003.wav,柴犬ハマ吉_shiba_inu_hamakiti,video1,train
/Users/kingsley/Downloads/data/raw/柴犬ハマ吉_shiba_inu_hamakiti/video1/UCVyS6sfo6X5VDezNO6jcQ_A+N-8fpb-_L3U+00000+00004.wav,柴犬ハマ吉_shiba_inu_hamakiti,video1,train
/Users/kingsley/Downloads/data/raw/柴犬ハマ吉_shiba_inu_hamakiti/video1/UCVyS6sfo6X5VDezNO6jcQ_A+N-8fpb-_L3U+00000+00005.wav,柴犬ハマ吉_shiba_inu_hamakiti,video1,train
/Users/kingsley/Downloads/data/raw/柴犬ハマ吉_shiba_inu_hamakiti/video1/UCVyS6sfo6X5VDezNO6jcQ_A+N-8fpb-_L3U+00000+00006.wav,柴犬ハマ吉_shiba_inu_hamakiti,video1,train
/Users/kingsley/Downloads/data/raw/柴犬ハマ吉_shiba_inu_hamakiti/video1/UCVyS6sfo6X5VDezNO6jcQ_A+N-8fpb-_L3U+00000+00007.wav,柴犬ハマ吉_shiba_inu_hamakiti,video1,train
/Users/kingsley/Downloads/data/raw/柴犬ハマ吉_shiba_inu_hamakiti/video1/UCVyS6sfo6X5VDezNO6jcQ_A+N-8fpb-_L3U+00000+00008.wav,柴犬ハマ吉_shiba_inu_hamakiti,video1,train
/Users/kingsley/Downloads/data/raw/柴犬ハマ吉_shiba_inu_hamakiti/video1/UCVyS6sfo6X5VDezNO6jcQ_A+N-8fpb-_L3U+00001+00000.wav,柴犬ハマ吉_shiba_inu_hamakiti,video1,train
/Users/kingsley/Downloads/data/raw/柴犬ハマ吉_shiba_inu_hamakiti/video1/UCVyS6sfo6X5VDezNO6jcQ_A+N-8fpb-_L3U+00001+00001.wav,柴犬ハマ吉_shiba_inu_hamakiti,video1,train
/Users/kingsley/Downloads/data/raw/柴犬ハマ吉_shiba_inu_hamakiti/video1/UCVyS6sfo6X5VDezNO6jcQ_A+N-8fpb-_L3U+00001+00002.wav,柴犬ハマ吉_shiba_inu_hamakiti,video1,train
/Users/kingsley/Downloads/data/raw/柴犬ハマ吉_shiba_inu_hamakiti/video1/UCVyS6sfo6X5VDezNO6jcQ_A+N-8fpb-_L3U+00001+00003.wav,柴犬ハマ吉_shiba_inu_hamakiti,video1,train
/Users/kingsley/Downloads/data/raw/柴犬ハマ吉_shiba_inu_hamakiti/video1/UCVyS6sfo6X5VDezNO6jcQ_A+N-8fpb-_L3U+00002+00000.wav,柴犬ハマ吉_shiba_inu_hamakiti,video1,train
/Users/kingsley/Downloads/data/raw/柴犬ハマ吉_shiba_inu_hamakiti/video1/UCVyS6sfo6X5VDezNO6jcQ_A+N-8fpb-_L3U+00003+00000.wav,柴犬ハマ吉_shiba_inu_hamakiti,video1,train
/Users/kingsley/Downloads/data/raw/柴犬ハマ吉_shiba_inu_hamakiti/video1/UCVyS6sfo6X5VDezNO6jcQ_A+N-8fpb-_L3U+00004+00000.wav,柴犬ハマ吉_shiba_inu_hamakiti,video1,train
/Users/kingsley/Downloads/data/raw/柴犬ハマ吉_shiba_inu_hamakiti/video2/UCVyS6sfo6X5VDezNO6jcQ_A+n6p8TpYBFTI+00000+00000.wav,柴犬ハマ吉_shiba_inu_hamakiti,video2,train
/Users/kingsley/Downloads/data/raw/柴犬ハマ吉_shiba_inu_hamakiti/video2/UCVyS6sfo6X5VDezNO6jcQ_A+n6p8TpYBFTI+00003+00000.wav,柴犬ハマ吉_shiba_inu_hamakiti,video2,train
/Users/kingsley/Downloads/data/raw/柴犬ハマ吉_shiba_inu_hamakiti/video2/UCVyS6sfo6X5VDezNO6jcQ_A+n6p8TpYBFTI+00003+00001.wav,柴犬ハマ吉_shiba_inu_hamakiti,video2,train
/Users/kingsley/Downloads/data/raw/柴犬ハマ吉_shiba_inu_hamakiti/video2/UCVyS6sfo6X5VDezNO6jcQ_A+n6p8TpYBFTI+00003+00002.wav,柴犬ハマ吉_shiba_inu_hamakiti,video2,train
/Users/kingsley/Downloads/data/raw/柴犬ハマ吉_shiba_inu_hamakiti/video2/UCVyS6sfo6X5VDezNO6jcQ_A+n6p8TpYBFTI+00004+00000.wav,柴犬ハマ吉_shiba_inu_hamakiti,video2,train
/Users/kingsley/Downloads/data/raw/柴犬ハマ吉_shiba_inu_hamakiti/video2/UCVyS6sfo6X5VDezNO6jcQ_A+n6p8TpYBFTI+00004+00001.wav,柴犬ハマ吉_shiba_inu_hamakiti,video2,train
/Users/kingsley/Downloads/data/raw/柴犬ハマ吉_shiba_inu_hamakiti/video2/UCVyS6sfo6X5VDezNO6jcQ_A+n6p8TpYBFTI+00004+00002.wav,柴犬ハマ吉_shiba_inu_hamakiti,video2,train
/Users/kingsley/Downloads/data/raw/柴犬ハマ吉_shiba_inu_hamakiti/video2/UCVyS6sfo6X5VDezNO6jcQ_A+n6p8TpYBFTI+00004+00003.wav,柴犬ハマ吉_shiba_inu_hamakiti,video2,train
/Users/kingsley/Downloads/data/raw/柴犬ハマ吉_shiba_inu_hamakiti/video2/UCVyS6sfo6X5VDezNO6jcQ_A+n6p8TpYBFTI+00005+00000.wav,柴犬ハマ吉_shiba_inu_hamakiti,video2,train
/Users/kingsley/Downloads/data/raw/柴犬ハマ吉_shiba_inu_hamakiti/video2/UCVyS6sfo6X5VDezNO6jcQ_A+n6p8TpYBFTI+00005+00001.wav,柴犬ハマ吉_shiba_inu_hamakiti,video2,train
/Users/kingsley/Downloads/data/raw/柴犬ハマ吉_shiba_inu_hamakiti/video2/UCVyS6sfo6X5VDezNO6jcQ_A+n6p8TpYBFTI+00006+00000.wav,柴犬ハマ吉_shiba_inu_hamakiti,video2,train
/Users/kingsley/Downloads/data/raw/柴犬ハマ吉_shiba_inu_hamakiti/video3/UCVyS6sfo6X5VDezNO6jcQ_A+gitL7Thlpls+00002+00000.wav,柴犬ハマ吉_shiba_inu_hamakiti,video3,train
/Users/kingsley/Downloads/data/raw/柴犬ハマ吉_shiba_inu_hamakiti/video3/UCVyS6sfo6X5VDezNO6jcQ_A+gitL7Thlpls+00004+00000.wav,柴犬ハマ吉_shiba_inu_hamakiti,video3,train
/Users/kingsley/Downloads/data/raw/柴犬ハマ吉_shiba_inu_hamakiti/video3/UCVyS6sfo6X5VDezNO6jcQ_A+gitL7Thlpls+00005+00000.wav,柴犬ハマ吉_shiba_inu_hamakiti,video3,train
/Users/kingsley/Downloads/data/raw/柴犬ハマ吉_shiba_inu_hamakiti/video3/UCVyS6sfo6X5VDezNO6jcQ_A+gitL7Thlpls+00006+00000.wav,柴犬ハマ吉_shiba_inu_hamakiti,video3,train
/Users/kingsley/Downloads/data/raw/柴犬ハマ吉_shiba_inu_hamakiti/video3/UCVyS6sfo6X5VDezNO6jcQ_A+gitL7Thlpls+00006+00001.wav,柴犬ハマ吉_shiba_inu_hamakiti,video3,train
/Users/kingsley/Downloads/data/raw/柴犬ハマ吉_shiba_inu_hamakiti/video3/UCVyS6sfo6X5VDezNO6jcQ_A+gitL7Thlpls+00007+00000.wav,柴犬ハマ吉_shiba_inu_hamakiti,video3,train
/Users/kingsley/Downloads/data/raw/柴犬ハマ吉_shiba_inu_hamakiti/video3/UCVyS6sfo6X5VDezNO6jcQ_A+gitL7Thlpls+00008+00000.wav,柴犬ハマ吉_shiba_inu_hamakiti,video3,train
/Users/kingsley/Downloads/data/raw/柴犬ハマ吉_shiba_inu_hamakiti/video3/UCVyS6sfo6X5VDezNO6jcQ_A+gitL7Thlpls+00010+00000.wav,柴犬ハマ吉_shiba_inu_hamakiti,video3,train
/Users/kingsley/Downloads/data/raw/柴犬ハマ吉_shiba_inu_hamakiti/video3/UCVyS6sfo6X5VDezNO6jcQ_A+gitL7Thlpls+00011+00000.wav,柴犬ハマ吉_shiba_inu_hamakiti,video3,train
/Users/kingsley/Downloads/data/raw/柴犬ハマ吉_shiba_inu_hamakiti/video3/UCVyS6sfo6X5VDezNO6jcQ_A+gitL7Thlpls+00013+00000.wav,柴犬ハマ吉_shiba_inu_hamakiti,video3,train
/Users/kingsley/Downloads/data/raw/柴犬ハマ吉_shiba_inu_hamakiti/video3/UCVyS6sfo6X5VDezNO6jcQ_A+gitL7Thlpls+00014+00000.wav,柴犬ハマ吉_shiba_inu_hamakiti,video3,train
/Users/kingsley/Downloads/data/raw/柴犬ハマ吉_shiba_inu_hamakiti/video3/UCVyS6sfo6X5VDezNO6jcQ_A+gitL7Thlpls+00014+00001.wav,柴犬ハマ吉_shiba_inu_hamakiti,video3,train
/Users/kingsley/Downloads/data/raw/柴犬ハマ吉_shiba_inu_hamakiti/video4/UCVyS6sfo6X5VDezNO6jcQ_A+gltgS3Uv2B4+00000+00000.wav,柴犬ハマ吉_shiba_inu_hamakiti,video4,test
/Users/kingsley/Downloads/data/raw/柴犬ハマ吉_shiba_inu_hamakiti/video4/UCVyS6sfo6X5VDezNO6jcQ_A+gltgS3Uv2B4+00002+00000.wav,柴犬ハマ吉_shiba_inu_hamakiti,video4,test
/Users/kingsley/Downloads/data/raw/柴犬ハマ吉_shiba_inu_hamakiti/video4/UCVyS6sfo6X5VDezNO6jcQ_A+gltgS3Uv2B4+00002+00001.wav,柴犬ハマ吉_shiba_inu_hamakiti,video4,test
/Users/kingsley/Downloads/data/raw/柴犬ハマ吉_shiba_inu_hamakiti/video4/UCVyS6sfo6X5VDezNO6jcQ_A+gltgS3Uv2B4+00002+00002.wav,柴犬ハマ吉_shiba_inu_hamakiti,video4,test
/Users/kingsley/Downloads/data/raw/柴犬ハマ吉_shiba_inu_hamakiti/video4/UCVyS6sfo6X5VDezNO6jcQ_A+gltgS3Uv2B4+00003+00000.wav,柴犬ハマ吉_shiba_inu_hamakiti,video4,test
/Users/kingsley/Downloads/data/raw/柴犬ハマ吉_shiba_inu_hamakiti/video4/UCVyS6sfo6X5VDezNO6jcQ_A+gltgS3Uv2B4+00004+00000.wav,柴犬ハマ吉_shiba_inu_hamakiti,video4,test
/Users/kingsley/Downloads/data/raw/柴犬ハマ吉_shiba_inu_hamakiti/video4/UCVyS6sfo6X5VDezNO6jcQ_A+gltgS3Uv2B4+00006+00000.wav,柴犬ハマ吉_shiba_inu_hamakiti,video4,test
/Users/kingsley/Downloads/data/raw/柴犬小夏Konachannel/video1/UCLdnL7RNgh616cUbJJUGPRg+7jdRbYzR8Ds+00000+00000.wav,柴犬小夏Konachannel,video1,train
/Users/kingsley/Downloads/data/raw/柴犬小夏Konachannel/video1/UCLdnL7RNgh616cUbJJUGPRg+7jdRbYzR8Ds+00000+00001.wav,柴犬小夏Konachannel,video1,train
/Users/kingsley/Downloads/data/raw/柴犬小夏Konachannel/video1/UCLdnL7RNgh616cUbJJUGPRg+7jdRbYzR8Ds+00000+00002.wav,柴犬小夏Konachannel,video1,train
/Users/kingsley/Downloads/data/raw/柴犬小夏Konachannel/video1/UCLdnL7RNgh616cUbJJUGPRg+7jdRbYzR8Ds+00000+00003.wav,柴犬小夏Konachannel,video1,train
/Users/kingsley/Downloads/data/raw/柴犬小夏Konachannel/video1/UCLdnL7RNgh616cUbJJUGPRg+7jdRbYzR8Ds+00000+00004.wav,柴犬小夏Konachannel,video1,train
/Users/kingsley/Downloads/data/raw/柴犬小夏Konachannel/video1/UCLdnL7RNgh616cUbJJUGPRg+7jdRbYzR8Ds+00000+00005.wav,柴犬小夏Konachannel,video1,train
/Users/kingsley/Downloads/data/raw/柴犬小夏Konachannel/video1/UCLdnL7RNgh616cUbJJUGPRg+7jdRbYzR8Ds+00001+00000.wav,柴犬小夏Konachannel,video1,train
/Users/kingsley/Downloads/data/raw/柴犬小夏Konachannel/video1/UCLdnL7RNgh616cUbJJUGPRg+7jdRbYzR8Ds+00001+00001.wav,柴犬小夏Konachannel,video1,train
/Users/kingsley/Downloads/data/raw/柴犬小夏Konachannel/video1/UCLdnL7RNgh616cUbJJUGPRg+7jdRbYzR8Ds+00002+00000.wav,柴犬小夏Konachannel,video1,train
/Users/kingsley/Downloads/data/raw/柴犬小夏Konachannel/video1/UCLdnL7RNgh616cUbJJUGPRg+7jdRbYzR8Ds+00003+00000.wav,柴犬小夏Konachannel,video1,train
/Users/kingsley/Downloads/data/raw/柴犬小夏Konachannel/video1/UCLdnL7RNgh616cUbJJUGPRg+7jdRbYzR8Ds+00003+00001.wav,柴犬小夏Konachannel,video1,train
/Users/kingsley/Downloads/data/raw/柴犬小夏Konachannel/video1/UCLdnL7RNgh616cUbJJUGPRg+7jdRbYzR8Ds+00005+00000.wav,柴犬小夏Konachannel,video1,train
/Users/kingsley/Downloads/data/raw/柴犬小夏Konachannel/video1/UCLdnL7RNgh616cUbJJUGPRg+7jdRbYzR8Ds+00005+00001.wav,柴犬小夏Konachannel,video1,train
/Users/kingsley/Downloads/data/raw/柴犬小夏Konachannel/video1/UCLdnL7RNgh616cUbJJUGPRg+7jdRbYzR8Ds+00005+00002.wav,柴犬小夏Konachannel,video1,train
/Users/kingsley/Downloads/data/raw/柴犬小夏Konachannel/video2/UCLdnL7RNgh616cUbJJUGPRg+7_j4PsqGYfk+00000+00000.wav,柴犬小夏Konachannel,video2,train
/Users/kingsley/Downloads/data/raw/柴犬小夏Konachannel/video2/UCLdnL7RNgh616cUbJJUGPRg+7_j4PsqGYfk+00001+00000.wav,柴犬小夏Konachannel,video2,train
/Users/kingsley/Downloads/data/raw/柴犬小夏Konachannel/video2/UCLdnL7RNgh616cUbJJUGPRg+7_j4PsqGYfk+00002+00000.wav,柴犬小夏Konachannel,video2,train
/Users/kingsley/Downloads/data/raw/柴犬小夏Konachannel/video2/UCLdnL7RNgh616cUbJJUGPRg+7_j4PsqGYfk+00002+00001.wav,柴犬小夏Konachannel,video2,train
/Users/kingsley/Downloads/data/raw/柴犬小夏Konachannel/video2/UCLdnL7RNgh616cUbJJUGPRg+7_j4PsqGYfk+00003+00000.wav,柴犬小夏Konachannel,video2,train
/Users/kingsley/Downloads/data/raw/柴犬小夏Konachannel/video2/UCLdnL7RNgh616cUbJJUGPRg+7_j4PsqGYfk+00003+00001.wav,柴犬小夏Konachannel,video2,train
/Users/kingsley/Downloads/data/raw/柴犬小夏Konachannel/video2/UCLdnL7RNgh616cUbJJUGPRg+7_j4PsqGYfk+00003+00002.wav,柴犬小夏Konachannel,video2,train
/Users/kingsley/Downloads/data/raw/柴犬小夏Konachannel/video2/UCLdnL7RNgh616cUbJJUGPRg+7_j4PsqGYfk+00004+00000.wav,柴犬小夏Konachannel,video2,train
/Users/kingsley/Downloads/data/raw/柴犬小夏Konachannel/video2/UCLdnL7RNgh616cUbJJUGPRg+7_j4PsqGYfk+00005+00000.wav,柴犬小夏Konachannel,video2,train
/Users/kingsley/Downloads/data/raw/柴犬小夏Konachannel/video2/UCLdnL7RNgh616cUbJJUGPRg+7_j4PsqGYfk+00005+00001.wav,柴犬小夏Konachannel,video2,train
/Users/kingsley/Downloads/data/raw/柴犬小夏Konachannel/video2/UCLdnL7RNgh616cUbJJUGPRg+7_j4PsqGYfk+00006+00000.wav,柴犬小夏Konachannel,video2,train
/Users/kingsley/Downloads/data/raw/柴犬小夏Konachannel/video2/UCLdnL7RNgh616cUbJJUGPRg+7_j4PsqGYfk+00007+00000.wav,柴犬小夏Konachannel,video2,train
/Users/kingsley/Downloads/data/raw/柴犬小夏Konachannel/video2/UCLdnL7RNgh616cUbJJUGPRg+7_j4PsqGYfk+00008+00000.wav,柴犬小夏Konachannel,video2,train
/Users/kingsley/Downloads/data/raw/柴犬小夏Konachannel/video2/UCLdnL7RNgh616cUbJJUGPRg+7_j4PsqGYfk+00009+00000.wav,柴犬小夏Konachannel,video2,train
/Users/kingsley/Downloads/data/raw/柴犬小夏Konachannel/video3/UCLdnL7RNgh616cUbJJUGPRg+bx2MIzGLgYc+00000+00000.wav,柴犬小夏Konachannel,video3,train
/Users/kingsley/Downloads/data/raw/柴犬小夏Konachannel/video3/UCLdnL7RNgh616cUbJJUGPRg+bx2MIzGLgYc+00000+00001.wav,柴犬小夏Konachannel,video3,train
/Users/kingsley/Downloads/data/raw/柴犬小夏Konachannel/video3/UCLdnL7RNgh616cUbJJUGPRg+bx2MIzGLgYc+00001+00000.wav,柴犬小夏Konachannel,video3,train
/Users/kingsley/Downloads/data/raw/柴犬小夏Konachannel/video3/UCLdnL7RNgh616cUbJJUGPRg+bx2MIzGLgYc+00001+00001.wav,柴犬小夏Konachannel,video3,train
/Users/kingsley/Downloads/data/raw/柴犬小夏Konachannel/video3/UCLdnL7RNgh616cUbJJUGPRg+bx2MIzGLgYc+00002+00000.wav,柴犬小夏Konachannel,video3,train
/Users/kingsley/Downloads/data/raw/柴犬小夏Konachannel/video3/UCLdnL7RNgh616cUbJJUGPRg+bx2MIzGLgYc+00003+00000.wav,柴犬小夏Konachannel,video3,train
/Users/kingsley/Downloads/data/raw/柴犬小夏Konachannel/video3/UCLdnL7RNgh616cUbJJUGPRg+bx2MIzGLgYc+00003+00001.wav,柴犬小夏Konachannel,video3,train
/Users/kingsley/Downloads/data/raw/柴犬小夏Konachannel/video3/UCLdnL7RNgh616cUbJJUGPRg+bx2MIzGLgYc+00003+00002.wav,柴犬小夏Konachannel,video3,train
/Users/kingsley/Downloads/data/raw/柴犬小夏Konachannel/video3/UCLdnL7RNgh616cUbJJUGPRg+bx2MIzGLgYc+00004+00000.wav,柴犬小夏Konachannel,video3,train
/Users/kingsley/Downloads/data/raw/柴犬小夏Konachannel/video3/UCLdnL7RNgh616cUbJJUGPRg+bx2MIzGLgYc+00005+00000.wav,柴犬小夏Konachannel,video3,train
/Users/kingsley/Downloads/data/raw/柴犬小夏Konachannel/video3/UCLdnL7RNgh616cUbJJUGPRg+bx2MIzGLgYc+00005+00001.wav,柴犬小夏Konachannel,video3,train
/Users/kingsley/Downloads/data/raw/柴犬小夏Konachannel/video3/UCLdnL7RNgh616cUbJJUGPRg+bx2MIzGLgYc+00006+00000.wav,柴犬小夏Konachannel,video3,train
/Users/kingsley/Downloads/data/raw/柴犬小夏Konachannel/video3/UCLdnL7RNgh616cUbJJUGPRg+bx2MIzGLgYc+00006+00001.wav,柴犬小夏Konachannel,video3,train
/Users/kingsley/Downloads/data/raw/柴犬小夏Konachannel/video3/UCLdnL7RNgh616cUbJJUGPRg+bx2MIzGLgYc+00007+00000.wav,柴犬小夏Konachannel,video3,train
/Users/kingsley/Downloads/data/raw/柴犬小夏Konachannel/video4/UCLdnL7RNgh616cUbJJUGPRg+Bxshn8K8WcE+00000+00000.wav,柴犬小夏Konachannel,video4,test
/Users/kingsley/Downloads/data/raw/柴犬小夏Konachannel/video4/UCLdnL7RNgh616cUbJJUGPRg+Bxshn8K8WcE+00001+00000.wav,柴犬小夏Konachannel,video4,test
/Users/kingsley/Downloads/data/raw/柴犬小夏Konachannel/video4/UCLdnL7RNgh616cUbJJUGPRg+Bxshn8K8WcE+00001+00001.wav,柴犬小夏Konachannel,video4,test
/Users/kingsley/Downloads/data/raw/柴犬小夏Konachannel/video4/UCLdnL7RNgh616cUbJJUGPRg+Bxshn8K8WcE+00001+00002.wav,柴犬小夏Konachannel,video4,test
/Users/kingsley/Downloads/data/raw/柴犬小夏Konachannel/video4/UCLdnL7RNgh616cUbJJUGPRg+Bxshn8K8WcE+00002+00000.wav,柴犬小夏Konachannel,video4,test
/Users/kingsley/Downloads/data/raw/柴犬小夏Konachannel/video4/UCLdnL7RNgh616cUbJJUGPRg+Bxshn8K8WcE+00004+00000.wav,柴犬小夏Konachannel,video4,test
/Users/kingsley/Downloads/data/raw/柴犬小夏Konachannel/video4/UCLdnL7RNgh616cUbJJUGPRg+Bxshn8K8WcE+00007+00000.wav,柴犬小夏Konachannel,video4,test
/Users/kingsley/Downloads/data/raw/豆柴あずきの成長日記　Mame_shiba_Azuki_s_growth_diary/video1/-qGhyQKfOLA-00000_00000.wav,豆柴あずきの成長日記　Mame_shiba_Azuki_s_growth_diary,video1,train
/Users/kingsley/Downloads/data/raw/豆柴あずきの成長日記　Mame_shiba_Azuki_s_growth_diary/video1/-qGhyQKfOLA-00001_00000.wav,豆柴あずきの成長日記　Mame_shiba_Azuki_s_growth_diary,video1,train
/Users/kingsley/Downloads/data/raw/豆柴あずきの成長日記　Mame_shiba_Azuki_s_growth_diary/video1/-qGhyQKfOLA-00002_00000.wav,豆柴あずきの成長日記　Mame_shiba_Azuki_s_growth_diary,video1,train
/Users/kingsley/Downloads/data/raw/豆柴あずきの成長日記　Mame_shiba_Azuki_s_growth_diary/video1/-qGhyQKfOLA-00002_00001.wav,豆柴あずきの成長日記　Mame_shiba_Azuki_s_growth_diary,video1,train
/Users/kingsley/Downloads/data/raw/豆柴あずきの成長日記　Mame_shiba_Azuki_s_growth_diary/video1/-qGhyQKfOLA-00002_00002.wav,豆柴あずきの成長日記　Mame_shiba_Azuki_s_growth_diary,video1,train
/Users/kingsley/Downloads/data/raw/豆柴あずきの成長日記　Mame_shiba_Azuki_s_growth_diary/video1/UCkXGoyox_4LhxZNk5SZBjxw+-qGhyQKfOLA+00000+00000.wav,豆柴あずきの成長日記　Mame_shiba_Azuki_s_growth_diary,video1,train
/Users/kingsley/Downloads/data/raw/豆柴あずきの成長日記　Mame_shiba_Azuki_s_growth_diary/video1/UCkXGoyox_4LhxZNk5SZBjxw+-qGhyQKfOLA+00001+00000.wav,豆柴あずきの成長日記　Mame_shiba_Azuki_s_growth_diary,video1,train
/Users/kingsley/Downloads/data/raw/豆柴あずきの成長日記　Mame_shiba_Azuki_s_growth_diary/video1/UCkXGoyox_4LhxZNk5SZBjxw+-qGhyQKfOLA+00002+00000.wav,豆柴あずきの成長日記　Mame_shiba_Azuki_s_growth_diary,video1,train
/Users/kingsley/Downloads/data/raw/豆柴あずきの成長日記　Mame_shiba_Azuki_s_growth_diary/video1/UCkXGoyox_4LhxZNk5SZBjxw+-qGhyQKfOLA+00002+00001.wav,豆柴あずきの成長日記　Mame_shiba_Azuki_s_growth_diary,video1,train
/Users/kingsley/Downloads/data/raw/豆柴あずきの成長日記　Mame_shiba_Azuki_s_growth_diary/video1/UCkXGoyox_4LhxZNk5SZBjxw+-qGhyQKfOLA+00002+00002.wav,豆柴あずきの成長日記　Mame_shiba_Azuki_s_growth_diary,video1,train
/Users/kingsley/Downloads/data/raw/豆柴あずきの成長日記　Mame_shiba_Azuki_s_growth_diary/video2/3fwpD0LqFhQ-00000_00000.wav,豆柴あずきの成長日記　Mame_shiba_Azuki_s_growth_diary,video2,train
/Users/kingsley/Downloads/data/raw/豆柴あずきの成長日記　Mame_shiba_Azuki_s_growth_diary/video2/3fwpD0LqFhQ-00000_00001.wav,豆柴あずきの成長日記　Mame_shiba_Azuki_s_growth_diary,video2,train
/Users/kingsley/Downloads/data/raw/豆柴あずきの成長日記　Mame_shiba_Azuki_s_growth_diary/video2/3fwpD0LqFhQ-00000_00002.wav,豆柴あずきの成長日記　Mame_shiba_Azuki_s_growth_diary,video2,train
/Users/kingsley/Downloads/data/raw/豆柴あずきの成長日記　Mame_shiba_Azuki_s_growth_diary/video2/3fwpD0LqFhQ-00001_00000.wav,豆柴あずきの成長日記　Mame_shiba_Azuki_s_growth_diary,video2,train
/Users/kingsley/Downloads/data/raw/豆柴あずきの成長日記　Mame_shiba_Azuki_s_growth_diary/video2/3fwpD0LqFhQ-00002_00000.wav,豆柴あずきの成長日記　Mame_shiba_Azuki_s_growth_diary,video2,train
/Users/kingsley/Downloads/data/raw/豆柴あずきの成長日記　Mame_shiba_Azuki_s_growth_diary/video2/UCkXGoyox_4LhxZNk5SZBjxw+3fwpD0LqFhQ+00000+00000.wav,豆柴あずきの成長日記　Mame_shiba_Azuki_s_growth_diary,video2,train
/Users/kingsley/Downloads/data/raw/豆柴あずきの成長日記　Mame_shiba_Azuki_s_growth_diary/video2/UCkXGoyox_4LhxZNk5SZBjxw+3fwpD0LqFhQ+00000+00001.wav,豆柴あずきの成長日記　Mame_shiba_Azuki_s_growth_diary,video2,train
/Users/kingsley/Downloads/data/raw/豆柴あずきの成長日記　Mame_shiba_Azuki_s_growth_diary/video2/UCkXGoyox_4LhxZNk5SZBjxw+3fwpD0LqFhQ+00000+00002.wav,豆柴あずきの成長日記　Mame_shiba_Azuki_s_growth_diary,video2,train
/Users/kingsley/Downloads/data/raw/豆柴あずきの成長日記　Mame_shiba_Azuki_s_growth_diary/video2/UCkXGoyox_4LhxZNk5SZBjxw+3fwpD0LqFhQ+00001+00000.wav,豆柴あずきの成長日記　Mame_shiba_Azuki_s_growth_diary,video2,train
/Users/kingsley/Downloads/data/raw/豆柴あずきの成長日記　Mame_shiba_Azuki_s_growth_diary/video2/UCkXGoyox_4LhxZNk5SZBjxw+3fwpD0LqFhQ+00002+00000.wav,豆柴あずきの成長日記　Mame_shiba_Azuki_s_growth_diary,video2,train
/Users/kingsley/Downloads/data/raw/豆柴あずきの成長日記　Mame_shiba_Azuki_s_growth_diary/video3/3XUavFLicyU-00000_00000.wav,豆柴あずきの成長日記　Mame_shiba_Azuki_s_growth_diary,video3,train
/Users/kingsley/Downloads/data/raw/豆柴あずきの成長日記　Mame_shiba_Azuki_s_growth_diary/video3/3XUavFLicyU-00000_00001.wav,豆柴あずきの成長日記　Mame_shiba_Azuki_s_growth_diary,video3,train
/Users/kingsley/Downloads/data/raw/豆柴あずきの成長日記　Mame_shiba_Azuki_s_growth_diary/video3/3XUavFLicyU-00001_00000.wav,豆柴あずきの成長日記　Mame_shiba_Azuki_s_growth_diary,video3,train
/Users/kingsley/Downloads/data/raw/豆柴あずきの成長日記　Mame_shiba_Azuki_s_growth_diary/video3/3XUavFLicyU-00001_00001.wav,豆柴あずきの成長日記　Mame_shiba_Azuki_s_growth_diary,video3,train
/Users/kingsley/Downloads/data/raw/豆柴あずきの成長日記　Mame_shiba_Azuki_s_growth_diary/video3/UCkXGoyox_4LhxZNk5SZBjxw+3XUavFLicyU+00000+00000.wav,豆柴あずきの成長日記　Mame_shiba_Azuki_s_growth_diary,video3,train
/Users/kingsley/Downloads/data/raw/豆柴あずきの成長日記　Mame_shiba_Azuki_s_growth_diary/video3/UCkXGoyox_4LhxZNk5SZBjxw+3XUavFLicyU+00000+00001.wav,豆柴あずきの成長日記　Mame_shiba_Azuki_s_growth_diary,video3,train
/Users/kingsley/Downloads/data/raw/豆柴あずきの成長日記　Mame_shiba_Azuki_s_growth_diary/video3/UCkXGoyox_4LhxZNk5SZBjxw+3XUavFLicyU+00001+00000.wav,豆柴あずきの成長日記　Mame_shiba_Azuki_s_growth_diary,video3,train
/Users/kingsley/Downloads/data/raw/豆柴あずきの成長日記　Mame_shiba_Azuki_s_growth_diary/video3/UCkXGoyox_4LhxZNk5SZBjxw+3XUavFLicyU+00001+00001.wav,豆柴あずきの成長日記　Mame_shiba_Azuki_s_growth_diary,video3,train
/Users/kingsley/Downloads/data/raw/豆柴あずきの成長日記　Mame_shiba_Azuki_s_growth_diary/video4/4nfdHHrtrD8-00000_00000.wav,豆柴あずきの成長日記　Mame_shiba_Azuki_s_growth_diary,video4,test
/Users/kingsley/Downloads/data/raw/豆柴あずきの成長日記　Mame_shiba_Azuki_s_growth_diary/video4/4nfdHHrtrD8-00000_00001.wav,豆柴あずきの成長日記　Mame_shiba_Azuki_s_growth_diary,video4,test
/Users/kingsley/Downloads/data/raw/豆柴あずきの成長日記　Mame_shiba_Azuki_s_growth_diary/video4/UCkXGoyox_4LhxZNk5SZBjxw+4nfdHHrtrD8+00000+00000.wav,豆柴あずきの成長日記　Mame_shiba_Azuki_s_growth_diary,video4,test
/Users/kingsley/Downloads/data/raw/豆柴あずきの成長日記　Mame_shiba_Azuki_s_growth_diary/video4/UCkXGoyox_4LhxZNk5SZBjxw+4nfdHHrtrD8+00000+00001.wav,豆柴あずきの成長日記　Mame_shiba_Azuki_s_growth_diary,video4,test
/Users/kingsley/Downloads/data/raw/豆柴すみすみ/video1/UC93O_mvkSvPHQDqPMJbl9Aw+iP4BE9HrRe8+00000+00000.wav,豆柴すみすみ,video1,train
/Users/kingsley/Downloads/data/raw/豆柴すみすみ/video1/UC93O_mvkSvPHQDqPMJbl9Aw+iP4BE9HrRe8+00001+00000.wav,豆柴すみすみ,video1,train
/Users/kingsley/Downloads/data/raw/豆柴すみすみ/video1/UC93O_mvkSvPHQDqPMJbl9Aw+iP4BE9HrRe8+00003+00000.wav,豆柴すみすみ,video1,train
/Users/kingsley/Downloads/data/raw/豆柴すみすみ/video1/UC93O_mvkSvPHQDqPMJbl9Aw+iP4BE9HrRe8+00005+00000.wav,豆柴すみすみ,video1,train
/Users/kingsley/Downloads/data/raw/豆柴すみすみ/video1/UC93O_mvkSvPHQDqPMJbl9Aw+iP4BE9HrRe8+00006+00000.wav,豆柴すみすみ,video1,train
/Users/kingsley/Downloads/data/raw/豆柴すみすみ/video1/iP4BE9HrRe8-00000_00000.wav,豆柴すみすみ,video1,train
/Users/kingsley/Downloads/data/raw/豆柴すみすみ/video1/iP4BE9HrRe8-00001_00000.wav,豆柴すみすみ,video1,train
/Users/kingsley/Downloads/data/raw/豆柴すみすみ/video1/iP4BE9HrRe8-00003_00000.wav,豆柴すみすみ,video1,train
/Users/kingsley/Downloads/data/raw/豆柴すみすみ/video1/iP4BE9HrRe8-00005_00000.wav,豆柴すみすみ,video1,train
/Users/kingsley/Downloads/data/raw/豆柴すみすみ/video1/iP4BE9HrRe8-00006_00000.wav,豆柴すみすみ,video1,train
/Users/kingsley/Downloads/data/raw/豆柴すみすみ/video2/8RNc6aTmnLw-00000_00000.wav,豆柴すみすみ,video2,train
/Users/kingsley/Downloads/data/raw/豆柴すみすみ/video2/8RNc6aTmnLw-00000_00001.wav,豆柴すみすみ,video2,train
/Users/kingsley/Downloads/data/raw/豆柴すみすみ/video2/8RNc6aTmnLw-00002_00000.wav,豆柴すみすみ,video2,train
/Users/kingsley/Downloads/data/raw/豆柴すみすみ/video2/8RNc6aTmnLw-00004_00000.wav,豆柴すみすみ,video2,train
/Users/kingsley/Downloads/data/raw/豆柴すみすみ/video2/8RNc6aTmnLw-00005_00000.wav,豆柴すみすみ,video2,train
/Users/kingsley/Downloads/data/raw/豆柴すみすみ/video2/8RNc6aTmnLw-00009_00000.wav,豆柴すみすみ,video2,train
/Users/kingsley/Downloads/data/raw/豆柴すみすみ/video2/8RNc6aTmnLw-00009_00001.wav,豆柴すみすみ,video2,train
/Users/kingsley/Downloads/data/raw/豆柴すみすみ/video2/8RNc6aTmnLw-00009_00002.wav,豆柴すみすみ,video2,train
/Users/kingsley/Downloads/data/raw/豆柴すみすみ/video2/8RNc6aTmnLw-00013_00000.wav,豆柴すみすみ,video2,train
/Users/kingsley/Downloads/data/raw/豆柴すみすみ/video2/UC93O_mvkSvPHQDqPMJbl9Aw+8RNc6aTmnLw+00000+00000.wav,豆柴すみすみ,video2,train
/Users/kingsley/Downloads/data/raw/豆柴すみすみ/video2/UC93O_mvkSvPHQDqPMJbl9Aw+8RNc6aTmnLw+00000+00001.wav,豆柴すみすみ,video2,train
/Users/kingsley/Downloads/data/raw/豆柴すみすみ/video2/UC93O_mvkSvPHQDqPMJbl9Aw+8RNc6aTmnLw+00002+00000.wav,豆柴すみすみ,video2,train
/Users/kingsley/Downloads/data/raw/豆柴すみすみ/video2/UC93O_mvkSvPHQDqPMJbl9Aw+8RNc6aTmnLw+00004+00000.wav,豆柴すみすみ,video2,train
/Users/kingsley/Downloads/data/raw/豆柴すみすみ/video2/UC93O_mvkSvPHQDqPMJbl9Aw+8RNc6aTmnLw+00005+00000.wav,豆柴すみすみ,video2,train
/Users/kingsley/Downloads/data/raw/豆柴すみすみ/video2/UC93O_mvkSvPHQDqPMJbl9Aw+8RNc6aTmnLw+00009+00000.wav,豆柴すみすみ,video2,train
/Users/kingsley/Downloads/data/raw/豆柴すみすみ/video2/UC93O_mvkSvPHQDqPMJbl9Aw+8RNc6aTmnLw+00009+00001.wav,豆柴すみすみ,video2,train
/Users/kingsley/Downloads/data/raw/豆柴すみすみ/video2/UC93O_mvkSvPHQDqPMJbl9Aw+8RNc6aTmnLw+00009+00002.wav,豆柴すみすみ,video2,train
/Users/kingsley/Downloads/data/raw/豆柴すみすみ/video2/UC93O_mvkSvPHQDqPMJbl9Aw+8RNc6aTmnLw+00013+00000.wav,豆柴すみすみ,video2,train
/Users/kingsley/Downloads/data/raw/豆柴すみすみ/video3/UC93O_mvkSvPHQDqPMJbl9Aw+aeJkM3in_Sc+00000+00000.wav,豆柴すみすみ,video3,train
/Users/kingsley/Downloads/data/raw/豆柴すみすみ/video3/UC93O_mvkSvPHQDqPMJbl9Aw+aeJkM3in_Sc+00001+00000.wav,豆柴すみすみ,video3,train
/Users/kingsley/Downloads/data/raw/豆柴すみすみ/video3/UC93O_mvkSvPHQDqPMJbl9Aw+aeJkM3in_Sc+00002+00000.wav,豆柴すみすみ,video3,train
/Users/kingsley/Downloads/data/raw/豆柴すみすみ/video3/UC93O_mvkSvPHQDqPMJbl9Aw+aeJkM3in_Sc+00003+00000.wav,豆柴すみすみ,video3,train
/Users/kingsley/Downloads/data/raw/豆柴すみすみ/video3/UC93O_mvkSvPHQDqPMJbl9Aw+aeJkM3in_Sc+00003+00001.wav,豆柴すみすみ,video3,train
/Users/kingsley/Downloads/data/raw/豆柴すみすみ/video3/UC93O_mvkSvPHQDqPMJbl9Aw+aeJkM3in_Sc+00004+00000.wav,豆柴すみすみ,video3,train
/Users/kingsley/Downloads/data/raw/豆柴すみすみ/video3/aeJkM3in_Sc-00000_00000.wav,豆柴すみすみ,video3,train
/Users/kingsley/Downloads/data/raw/豆柴すみすみ/video3/aeJkM3in_Sc-00001_00000.wav,豆柴すみすみ,video3,train
/Users/kingsley/Downloads/data/raw/豆柴すみすみ/video3/aeJkM3in_Sc-00002_00000.wav,豆柴すみすみ,video3,train
/Users/kingsley/Downloads/data/raw/豆柴すみすみ/video3/aeJkM3in_Sc-00003_00000.wav,豆柴すみすみ,video3,train
/Users/kingsley/Downloads/data/raw/豆柴すみすみ/video3/aeJkM3in_Sc-00003_00001.wav,豆柴すみすみ,video3,train
/Users/kingsley/Downloads/data/raw/豆柴すみすみ/video3/aeJkM3in_Sc-00004_00000.wav,豆柴すみすみ,video3,train
/Users/kingsley/Downloads/data/raw/豆柴すみすみ/video4/UC93O_mvkSvPHQDqPMJbl9Aw+b4aeegOPZrk+00000+00000.wav,豆柴すみすみ,video4,test
/Users/kingsley/Downloads/data/raw/豆柴すみすみ/video4/UC93O_mvkSvPHQDqPMJbl9Aw+b4aeegOPZrk+00001+00000.wav,豆柴すみすみ,video4,test
/Users/kingsley/Downloads/data/raw/豆柴すみすみ/video4/UC93O_mvkSvPHQDqPMJbl9Aw+b4aeegOPZrk+00001+00001.wav,豆柴すみすみ,video4,test
/Users/kingsley/Downloads/data/raw/豆柴すみすみ/video4/UC93O_mvkSvPHQDqPMJbl9Aw+b4aeegOPZrk+00001+00002.wav,豆柴すみすみ,video4,test
/Users/kingsley/Downloads/data/raw/豆柴すみすみ/video4/b4aeegOPZrk-00000_00000.wav,豆柴すみすみ,video4,test
/Users/kingsley/Downloads/data/raw/豆柴すみすみ/video4/b4aeegOPZrk-00001_00000.wav,豆柴すみすみ,video4,test
/Users/kingsley/Downloads/data/raw/豆柴すみすみ/video4/b4aeegOPZrk-00001_00001.wav,豆柴すみすみ,video4,test
/Users/kingsley/Downloads/data/raw/豆柴すみすみ/video4/b4aeegOPZrk-00001_00002.wav,豆柴すみすみ,video4,test
